FEN,REAL,SYNTHETIC
rnbqkbnr/pppppppp/8/8/8/8/PPPPPPPP/RNBQKBNR,game2_frame_000200.png,game2_frame_000200.png
rnbqkbnr/pppppppp/8/8/3P4/8/PPP1PPPP/RNBQKBNR,game2_frame_000588.png,game2_frame_000588.png
rnbqkbnr/ppp1pppp/8/3p4/3P4/8/PPP1PPPP/RNBQKBNR,game2_frame_000620.png,game2_frame_000620.png
rnbqkbnr/ppp1pppp/8/3p4/2PP4/8/PP2PPPP/RNBQKBNR,game2_frame_000840.png,game2_frame_000840.png
rnbqkbnr/ppp2ppp/4p3/3p4/2PP4/2N5/PP2PPPP/R1BQKBNR,game2_frame_000872.png,game2_frame_000872.png
rnbqkb1r/ppp2ppp/4pn2/3p4/2PP4/2N5/PP2PPPP/R1BQKBNR,game2_frame_000896.png,game2_frame_000896.png
rnbqkb1r/ppp2ppp/4pn2/3p2B1/2PP4/2N5/PP2PPPP/R2QKBNR,game2_frame_000936.png,game2_frame_000936.png
rnbqk2r/ppp1bppp/4pn2/3p2B1/2PP4/2N5/PP2PPPP/R2QKBNR,game2_frame_001024.png,game2_frame_001024.png
rnbqk2r/ppp1bppp/4pn2/3p2B1/2PP4/2N1P3/PP3PPP/R2QKBNR,game2_frame_001040.png,game2_frame_001040.png
rnbq1rk1/ppp1bppp/4pn2/3p2B1/2PP4/2N1P3/PP3PPP/R2QKBNR,game2_frame_001124.png,game2_frame_001124.png
rnbq1rk1/ppp1bppp/4pn2/3p2B1/2PP4/2N1PN2/PP3PPP/R2QKB1R,game2_frame_001152.png,game2_frame_001152.png
rnbq1rk1/ppp1bpp1/4pn1p/3p2B1/2PP4/2N1PN2/PP3PPP/R2QKB1R,game2_frame_001172.png,game2_frame_001172.png
rnbq1rk1/ppp1bpp1/4pn1p/3p4/2PP3B/2N1PN2/PP3PPP/R2QKB1R,game2_frame_001188.png,game2_frame_001188.png
rnbq1rk1/ppp1bpp1/4p2p/3p4/2PPn2B/2N1PN2/PP3PPP/R2QKB1R,game2_frame_001216.png,game2_frame_001216.png
rnbq1rk1/ppp1Bpp1/4p2p/3p4/2PPn3/2N1PN2/PP3PPP/R2QKB1R,game2_frame_001280.png,game2_frame_001280.png
rnb2rk1/ppp1qpp1/4p2p/3p4/2PPn3/2N1PN2/PP3PPP/R2QKB1R,game2_frame_001300.png,game2_frame_001300.png
rnb2rk1/ppp1qpp1/4p2p/3p4/2PPn3/2N1PN2/PPQ2PPP/R3KB1R,game2_frame_001740.png,game2_frame_001740.png
rnb2rk1/ppp1qpp1/4p2p/3p4/2PP4/2n1PN2/PPQ2PPP/R3KB1R,game2_frame_001916.png,game2_frame_001916.png
rnb2rk1/ppp1qpp1/4p2p/3p4/2PP4/2Q1PN2/PP3PPP/R3KB1R,game2_frame_002000.png,game2_frame_002000.png
rnb2rk1/ppp1qpp1/4p2p/8/2pP4/2Q1PN2/PP3PPP/R3KB1R,game2_frame_003100.png,game2_frame_003100.png
rnb2rk1/ppp1qpp1/4p2p/8/2BP4/2Q1PN2/PP3PPP/R3K2R,game2_frame_003308.png,game2_frame_003308.png
r1b2rk1/pppnqpp1/4p2p/8/2BP4/2Q1PN2/PP3PPP/R3K2R,game2_frame_003328.png,game2_frame_003328.png
r1b2rk1/pppnqpp1/4p2p/8/2BP4/2Q1PN2/PP3PPP/R4RK1,game2_frame_003416.png,game2_frame_003416.png
r1b2rk1/ppp1qpp1/1n2p2p/8/2BP4/2Q1PN2/PP3PPP/R4RK1,game2_frame_004264.png,game2_frame_004264.png
r1b2rk1/ppp1qpp1/1n2p2p/8/2BP4/2Q1PN2/PP3PPP/2R2RK1,game2_frame_005044.png,game2_frame_005044.png
r1b2rk1/pp2qpp1/1np1p2p/8/2BP4/2Q1PN2/PP3PPP/2R2RK1,game2_frame_006092.png,game2_frame_006092.png
r1b2rk1/pp2qpp1/1np1p2p/8/3P4/1BQ1PN2/PP3PPP/2R2RK1,game2_frame_006368.png,game2_frame_006368.png
r4rk1/pp1bqpp1/1np1p2p/8/3P4/1BQ1PN2/PP3PPP/2R2RK1,game2_frame_006532.png,game2_frame_006532.png
r4rk1/pp1bqpp1/1np1p2p/4N3/3P4/1BQ1P3/PP3PPP/2R2RK1,game2_frame_006568.png,game2_frame_006568.png
2r2rk1/pp1bqpp1/1np1p2p/4N3/3P4/1BQ1P3/PP3PPP/2R2RK1,game2_frame_007000.png,game2_frame_007000.png
2r2rk1/pp1bqpp1/1np1p2p/Q3N3/3P4/1B2P3/PP3PPP/2R2RK1,game2_frame_007728.png,game2_frame_007728.png
r4rk1/pp1bqpp1/1np1p2p/Q3N3/3P4/1B2P3/PP3PPP/2R2RK1,game2_frame_008952.png,game2_frame_008952.png
r4rk1/pp1bqpp1/1np1p2p/2Q1N3/3P4/1B2P3/PP3PPP/2R2RK1,game2_frame_008988.png,game2_frame_008988.png
r3r1k1/pp1bqpp1/1np1p2p/2Q1N3/3P4/1B2P3/PP3PPP/2R2RK1,game2_frame_009384.png,game2_frame_009384.png
r3r1k1/pp1bqpp1/1np1p2p/2Q1N3/P2P4/1B2P3/1P3PPP/2R2RK1,game2_frame_009884.png,game2_frame_009884.png
r3r1k1/pp1bqpp1/2p1p2p/2QnN3/P2P4/1B2P3/1P3PPP/2R2RK1,game2_frame_010096.png,game2_frame_010096.png
r3r1k1/pp1bqpp1/2p1p2p/2QBN3/P2P4/4P3/1P3PPP/2R2RK1,game2_frame_011140.png,game2_frame_011140.png
r3r1k1/pp1bqpp1/2p4p/2QpN3/P2P4/4P3/1P3PPP/2R2RK1,game2_frame_011456.png,game2_frame_011456.png
r5k1/pp1brpp1/2p4p/3pN3/P2P4/4P3/1P3PPP/2R2RK1,game2_frame_011712.png,game2_frame_011712.png
r5k1/pp1Nrpp1/2p4p/3p4/P2P4/4P3/1P3PPP/2R2RK1,game2_frame_011740.png,game2_frame_011740.png
r5k1/pp1r1pp1/2p4p/3p4/P2P4/4P3/1P3PPP/2R2RK1,game2_frame_011760.png,game2_frame_011760.png
r5k1/pp1r1pp1/2p4p/3p4/PP1P4/4P3/5PPP/2R2RK1,game2_frame_012092.png,game2_frame_012092.png
2r3k1/pp1r1pp1/2p4p/3p4/PP1P4/4P3/5PPP/2R2RK1,game2_frame_012864.png,game2_frame_012864.png
2r3k1/pp1r1pp1/2p4p/3p4/PP1P4/4P3/2R2PPP/5RK1,game2_frame_013328.png,game2_frame_013328.png
2r3k1/ppr2pp1/2p4p/3p4/PP1P4/4P3/2R2PPP/2R3K1,game2_frame_013636.png,game2_frame_013636.png
2r2k2/ppr2pp1/2p4p/3p4/PP1P4/4P3/2R2PPP/2R3K1,game2_frame_013896.png,game2_frame_013896.png
2r2k2/ppr2pp1/2p4p/3p4/PP1P4/4P3/2R2PPP/2R2K2,game2_frame_014132.png,game2_frame_014132.png
2r5/ppr1kpp1/2p4p/3p4/PP1P4/4P3/2R2PPP/2R2K2,game2_frame_014180.png,game2_frame_014180.png
2r5/ppr1kpp1/2p4p/3p4/PP1P4/4P3/2R1KPPP/2R5,game2_frame_014208.png,game2_frame_014208.png
2r5/ppr2pp1/2pk3p/3p4/PP1P4/4P3/2R1KPPP/2R5,game2_frame_014256.png,game2_frame_014256.png
2r5/ppr2pp1/2pk3p/3p4/PP1P4/3KP3/2R2PPP/2R5,game2_frame_014348.png,game2_frame_014348.png
2r5/p1r2pp1/1ppk3p/3p4/PP1P4/3KP3/2R2PPP/2R5,game2_frame_014904.png,game2_frame_014904.png
2r5/p1r2pp1/1ppk3p/3p4/PP1P2P1/3KP3/2R2P1P/2R5,game2_frame_016592.png,game2_frame_016592.png
2r5/p1r2pp1/1p1k3p/2pp4/PP1P2P1/3KP3/2R2P1P/2R5,game2_frame_018764.png,game2_frame_018764.png
2r5/p1r2pp1/1p1k3p/2Pp4/PP4P1/3KP3/2R2P1P/2R5,game2_frame_019352.png,game2_frame_019352.png
2r5/p1r2pp1/3k3p/2pp4/PP4P1/3KP3/2R2P1P/2R5,game2_frame_019384.png,game2_frame_019384.png
2r5/p1r2pp1/3k3p/2Rp4/PP4P1/3KP3/5P1P/2R5,game2_frame_019936.png,game2_frame_019936.png
8/p4pp1/7p/2kp4/P5P1/3KP3/5P1P/8,game2_frame_020048.png,game2_frame_020048.png
8/p4pp1/7p/2kp4/P5P1/2K1P3/5P1P/8,game2_frame_020064.png,game2_frame_020064.png
8/p4p2/7p/2kp2p1/P5P1/2K1P3/5P1P/8,game2_frame_021900.png,game2_frame_021900.png
8/p4p2/7p/2kp2p1/P4PP1/2K1P3/7P/8,game2_frame_023676.png,game2_frame_023676.png
8/5p2/p6p/2kp2p1/P4PP1/2K1P3/7P/8,game2_frame_026928.png,game2_frame_026928.png
8/5p2/p6p/2kp1Pp1/P5P1/2K1P3/7P/8,game2_frame_030604.png,game2_frame_030604.png
8/8/p4p1p/2kp1Pp1/P5P1/2K1P3/7P/8,game2_frame_030388.png,game2_frame_030388.png
8/8/p4p1p/P1kp1Pp1/6P1/2K1P3/7P/8,game2_frame_031032.png,game2_frame_031032.png
8/8/p4p1p/Pk1p1Pp1/3K2P1/4P3/7P/8,game2_frame_031140.png,game2_frame_031140.png
8/8/p4p1p/k2p1Pp1/3K2P1/4P3/7P/8,game2_frame_031332.png,game2_frame_031332.png
8/8/p4p1p/k2K1Pp1/6P1/4P3/7P/8,game2_frame_031664.png,game2_frame_031664.png
8/8/pk3p1p/3K1Pp1/6P1/4P3/7P/8,game2_frame_031800.png,game2_frame_031800.png
rnbqkbnr/pppppppp/8/8/8/8/PPPPPPPP/RNBQKBNR,game4_frame_000028.png,game4_frame_000028.png
rnbqkb1r/pp2pppp/3p4/3nP3/3P4/8/PP3PPP/RNBQKBNR,game4_frame_000820.png,game4_frame_000820.png
rnbqkb1r/pp2pppp/3p4/3nP3/3P4/5N2/PP3PPP/RNBQKB1R,game4_frame_000848.png,game4_frame_000848.png
r1bqkb1r/pp2pppp/2np4/3nP3/2BP4/5N2/PP3PPP/RNBQK2R,game4_frame_000892.png,game4_frame_000892.png
r1bqkb1r/pp2pppp/2n5/3np3/2BP4/5N2/PP3PPP/RNBQK2R,game4_frame_000924.png,game4_frame_000924.png
r1bqkb1r/pp2pppp/2n5/3nP3/2B5/5N2/PP3PPP/RNBQK2R,game4_frame_000964.png,game4_frame_000964.png
r2qkb1r/pp2pppp/2n1b3/3nP3/2B5/5N2/PP3PPP/RNBQK2R,game4_frame_001320.png,game4_frame_001320.png
r2qkb1r/pp2pppp/2n1b3/3nP3/2B5/5N2/PP3PPP/RNBQ1RK1,game4_frame_001396.png,game4_frame_001396.png
r2qkb1r/pp2pp1p/2n1b1p1/3nP3/2B5/5N2/PP3PPP/RNBQ1RK1,game4_frame_001544.png,game4_frame_001544.png
r2qkb1r/pp2pp1p/2n1b1p1/3nP3/2B5/1Q3N2/PP3PPP/RNB2RK1,game4_frame_001664.png,game4_frame_001664.png
r2qk2r/pp2ppbp/2n1b1p1/3nP3/2B5/1Q3N2/PP3PPP/RNB2RK1,game4_frame_002156.png,game4_frame_002156.png
r2qk2r/pp2ppbp/2n1b1p1/3nP3/2B5/1Q3N2/PP3PPP/RNB1R1K1,game4_frame_003232.png,game4_frame_003232.png
r2q1rk1/pp2ppbp/2n1b1p1/3nP3/2B5/1Q3N2/PP3PPP/RNB1R1K1,game4_frame_003748.png,game4_frame_003748.png
r2q1rk1/pp2ppbp/2n1b1p1/3nP3/2B5/1Q3N2/PP1B1PPP/RN2R1K1,game4_frame_004284.png,game4_frame_004284.png
r2q1rk1/ppn1ppbp/2n1b1p1/4P3/2B5/1Q3N2/PP1B1PPP/RN2R1K1,game4_frame_004660.png,game4_frame_004660.png
r2q1rk1/pp2ppbp/2n1n1p1/4P3/8/1Q3N2/PP1B1PPP/RN2R1K1,game4_frame_004880.png,game4_frame_004880.png
r2q1rk1/pQ2ppbp/2n1n1p1/4P3/8/5N2/PP1B1PPP/RN2R1K1,game4_frame_005968.png,game4_frame_005968.png
r2q1rk1/pQ2ppbp/4n1p1/4P3/3n4/5N2/PP1B1PPP/RN2R1K1,game4_frame_006504.png,game4_frame_006504.png
r2q1rk1/pQ2ppbp/4n1p1/4P3/3N4/8/PP1B1PPP/RN2R1K1,game4_frame_006656.png,game4_frame_006656.png
r2q1rk1/p3ppbp/6p1/4P3/3nQ3/8/PP1B1PPP/RN2R1K1,game4_frame_006856.png,game4_frame_006856.png
1r1q1rk1/p3ppbp/6p1/4P3/3nQ3/8/PP1B1PPP/RN2R1K1,game4_frame_007992.png,game4_frame_007992.png
1r1q1rk1/p3ppbp/6p1/4P3/3nQ3/2B5/PP3PPP/RN2R1K1,game4_frame_008820.png,game4_frame_008820.png
1r1q1rk1/p3ppbp/4n1p1/4P3/4Q3/2B5/PP3PPP/RN2R1K1,game4_frame_008896.png,game4_frame_008896.png
1r1q1rk1/p3ppbp/4n1p1/4P3/4Q3/2B5/PP1N1PPP/R3R1K1,game4_frame_009148.png,game4_frame_009148.png
1r1q1rk1/p3ppbp/6p1/2n1P3/4Q3/2B5/PP1N1PPP/R3R1K1,game4_frame_009404.png,game4_frame_009404.png
1r1q1rk1/p3ppbp/6p1/2n1P3/3Q4/2B5/PP1N1PPP/R3R1K1,game4_frame_010588.png,game4_frame_010588.png
1r1q1rk1/p3ppbp/6p1/4P3/3Q4/2Bn4/PP1N1PPP/R3R1K1,game4_frame_011104.png,game4_frame_011104.png
1r1q1rk1/p3ppbp/6p1/4P3/3Q4/2BnR3/PP1N1PPP/R5K1,game4_frame_011668.png,game4_frame_011668.png
1r3rk1/p3ppbp/6p1/4P3/3B4/3nR3/PP1N1PPP/R5K1,game4_frame_012316.png,game4_frame_012316.png
1r3rk1/p3ppbp/6p1/4P3/3B4/4R3/Pn1N1PPP/R5K1,game4_frame_012444.png,game4_frame_012444.png
1r3rk1/p3ppbp/6p1/4P3/2nB4/4R3/P2N1PPP/1R4K1,game4_frame_012880.png,game4_frame_012880.png
1R3rk1/p3ppbp/6p1/4P3/2nB4/4R3/P2N1PPP/6K1,game4_frame_013192.png,game4_frame_013192.png
1r4k1/p3ppbp/6p1/4P3/2nB4/4R3/P2N1PPP/6K1,game4_frame_013316.png,game4_frame_013316.png
1r4k1/p3ppbp/6p1/4P3/2nB4/1R6/P2N1PPP/6K1,game4_frame_013352.png,game4_frame_013352.png
3r2k1/p3ppbp/6p1/4P3/2nB4/1R6/P2N1PPP/6K1,game4_frame_014060.png,game4_frame_014060.png
6k1/p3ppbp/6p1/4P3/2Nr4/1R6/P4PPP/6K1,game4_frame_014428.png,game4_frame_014428.png
1R4k1/p3ppbp/6p1/4P3/2Nr4/8/P4PPP/6K1,game4_frame_014464.png,game4_frame_014464.png
1R3bk1/p3pp1p/6p1/4P3/3r4/4N3/P4PPP/6K1,game4_frame_014504.png,game4_frame_014504.png
1R3bk1/p3pp1p/6p1/4P3/r7/4N3/P4PPP/6K1,game4_frame_015216.png,game4_frame_015216.png
1R3bk1/p3pp1p/6p1/4P3/r7/4N1P1/P4P1P/6K1,game4_frame_015864.png,game4_frame_015864.png
1R3bk1/p3pp1p/6p1/4P3/8/4N1P1/r4P1P/6K1,game4_frame_015944.png,game4_frame_015944.png
1R3bk1/p3pp1p/6p1/3NP3/8/6P1/r4P1P/6K1,game4_frame_015972.png,game4_frame_015972.png
1R3b2/p3ppkp/6p1/3NP3/8/6P1/r4P1P/6K1,game4_frame_016136.png,game4_frame_016136.png
5b2/pR2ppkp/6p1/3NP3/8/6P1/r4P1P/6K1,game4_frame_016232.png,game4_frame_016232.png
5b2/pR2ppkp/6p1/r2NP3/8/6P1/5P1P/6K1,game4_frame_018052.png,game4_frame_018052.png
5b2/pR2Npkp/6p1/4r3/8/6P1/5P1P/6K1,game4_frame_018432.png,game4_frame_018432.png
5b2/pR3pkp/2N3p1/4r3/8/6P1/5P1P/6K1,game4_frame_018844.png,game4_frame_018844.png
5b2/pR3pkp/2N3p1/8/8/6P1/4rP1P/6K1,game4_frame_019128.png,game4_frame_019128.png
5b2/pR3pkp/2N3p1/8/8/6P1/4rP1P/5K2,game4_frame_019488.png,game4_frame_019488.png
5b2/pR3pkp/2N3p1/8/8/6P1/2r2P1P/5K2,game4_frame_019684.png,game4_frame_019684.png
3N1b2/pR3pkp/6p1/8/8/6P1/2r2P1P/5K2,game4_frame_020140.png,game4_frame_020140.png
3N1b2/1R3pkp/6p1/p7/8/6P1/2r2P1P/5K2,game4_frame_022252.png,game4_frame_022252.png
3N1b2/5Rkp/6p1/p7/8/6P1/2r2P1P/5K2,game4_frame_023452.png,game4_frame_023452.png
3N1bk1/5R1p/6p1/p7/8/6P1/2r2P1P/5K2,game4_frame_023508.png,game4_frame_023508.png
3N1bk1/7p/6p1/p7/5R2/6P1/2r2P1P/5K2,game4_frame_023540.png,game4_frame_023540.png
3N2k1/7p/3b2p1/p7/5R2/6P1/2r2P1P/5K2,game4_frame_024180.png,game4_frame_024180.png
3N2k1/7p/3b2p1/p7/4R3/6P1/2r2P1P/5K2,game4_frame_024552.png,game4_frame_024552.png
3N2k1/7p/6p1/p1b5/4R3/6P1/2r2P1P/5K2,game4_frame_024584.png,game4_frame_024584.png
3N2k1/7p/6p1/p1b5/5R2/6P1/2r2P1P/5K2,game4_frame_025436.png,game4_frame_025436.png
3N2k1/8/6p1/p1b4p/5R2/6P1/2r2P1P/5K2,game4_frame_026828.png,game4_frame_026828.png
6k1/8/4N1p1/p1b4p/5R2/6P1/2r2P1P/5K2,game4_frame_027056.png,game4_frame_027056.png
6k1/8/3bN1p1/p6p/5R2/6P1/2r2P1P/5K2,game4_frame_027112.png,game4_frame_027112.png
6k1/8/4N1p1/p3b2p/3R4/6P1/2r2P1P/5K2,game4_frame_027984.png,game4_frame_027984.png
6k1/8/4N1p1/p2Rb2p/8/6P1/2r2P1P/5K2,game4_frame_028124.png,game4_frame_028124.png
6k1/8/4N1p1/p2R3p/8/2b3P1/2r2P1P/5K2,game4_frame_028412.png,game4_frame_028412.png
6k1/8/6p1/p2R3p/5N2/2b3P1/2r2P1P/5K2,game4_frame_029056.png,game4_frame_029056.png
6k1/8/6p1/3R3p/p4N2/2b3P1/2r2P1P/5K2,game4_frame_029184.png,game4_frame_029184.png
3R2k1/8/6p1/7p/p4N2/2b3P1/2r2P1P/5K2,game4_frame_029464.png,game4_frame_029464.png
3R4/5k2/6p1/7p/p4N2/2b3P1/2r2P1P/5K2,game4_frame_029500.png,game4_frame_029500.png
R7/5k2/6p1/7p/p4N2/2b3P1/2r2P1P/5K2,game4_frame_029564.png,game4_frame_029564.png
R7/5k2/6p1/7p/p4N2/2b3P1/r4P1P/5K2,game4_frame_030000.png,game4_frame_030000.png
8/R4k2/6p1/7p/p4N2/2b3P1/r4P1P/5K2,game4_frame_030060.png,game4_frame_030060.png
6k1/R7/6p1/7p/p4N2/2b3P1/r4P1P/5K2,game4_frame_030232.png,game4_frame_030232.png
R5k1/8/6p1/7p/p4N2/2b3P1/r4P1P/5K2,game4_frame_030952.png,game4_frame_030952.png
R7/7k/6p1/7p/p4N2/2b3P1/r4P1P/5K2,game4_frame_031008.png,game4_frame_031008.png
8/R6k/6p1/7p/p4N2/2b3P1/r4P1P/5K2,game4_frame_031332.png,game4_frame_031332.png
8/R7/6pk/7p/p4N2/2b3P1/r4P1P/5K2,game4_frame_031432.png,game4_frame_031432.png
8/8/R5pk/7p/p4N2/2b3P1/r4P1P/5K2,game4_frame_031880.png,game4_frame_031880.png
8/8/R5pk/7p/5N2/p1b3P1/r4P1P/5K2,game4_frame_031912.png,game4_frame_031912.png
8/8/6Rk/7p/5N2/p1b3P1/r4P1P/5K2,game4_frame_031944.png,game4_frame_031944.png
8/7k/6R1/7p/5N2/p1b3P1/r4P1P/5K2,game4_frame_031960.png,game4_frame_031960.png
8/7k/R7/7p/5N2/p1b3P1/r4P1P/5K2,game4_frame_032288.png,game4_frame_032288.png
8/7k/R7/7p/5N2/p1b3P1/5P1P/r4K2,game4_frame_032320.png,game4_frame_032320.png
8/7k/R7/7p/5N2/p1b3P1/5PKP/r7,game4_frame_032400.png,game4_frame_032400.png
8/7k/R7/7p/3b1N2/p5P1/5PKP/r7,game4_frame_032808.png,game4_frame_032808.png
8/7k/8/7p/R2b1N2/p5P1/5PKP/r7,game4_frame_033452.png,game4_frame_033452.png
8/7k/8/7p/R4N2/p5P1/1b3PKP/r7,game4_frame_034136.png,game4_frame_034136.png
8/7k/8/7N/R7/p5P1/1b3PKP/r7,game4_frame_034236.png,game4_frame_034236.png
8/7k/8/7N/R7/p5P1/1b3PKP/3r4,game4_frame_034268.png,game4_frame_034268.png
8/7k/8/8/R4N2/p5P1/1b3PKP/3r4,game4_frame_034392.png,game4_frame_034392.png
8/7k/8/8/R4N2/p5P1/1b1r1PKP/8,game4_frame_034532.png,game4_frame_034532.png
8/7k/8/8/R4N1P/p5P1/1b1r1PK1/8,game4_frame_035020.png,game4_frame_035020.png
8/7k/8/8/R4N1P/p5P1/3r1PK1/2b5,game4_frame_035056.png,game4_frame_035056.png
8/7k/8/8/R4N1P/p4KP1/3r1P2/2b5,game4_frame_035212.png,game4_frame_035212.png
8/7k/8/8/R6P/p2N1KP1/2r2P2/2b5,game4_frame_035492.png,game4_frame_035492.png
8/7k/8/8/R6P/p1rN1KP1/5P2/2b5,game4_frame_035704.png,game4_frame_035704.png
8/7k/8/8/R3K2P/p1rN2P1/5P2/2b5,game4_frame_035720.png,game4_frame_035720.png
8/7k/7b/8/R3K2P/p1rN2P1/5P2/8,game4_frame_035848.png,game4_frame_035848.png
8/7k/7b/8/R3KP1P/p1rN2P1/8/8,game4_frame_035924.png,game4_frame_035924.png
5b2/7k/8/8/R3KP1P/p1rN2P1/8/8,game4_frame_035972.png,game4_frame_035972.png
5b2/7k/8/8/R3KPPP/p1rN4/8/8,game4_frame_036224.png,game4_frame_036224.png
5b2/7k/8/8/R3KPPP/p2N4/2r5/8,game4_frame_036244.png,game4_frame_036244.png
5b2/R6k/8/8/4KPPP/p2N4/2r5/8,game4_frame_036400.png,game4_frame_036400.png
5bk1/R7/8/8/4KPPP/p2N4/2r5/8,game4_frame_036424.png,game4_frame_036424.png
R4bk1/8/8/8/4KPPP/p2N4/2r5/8,game4_frame_036484.png,game4_frame_036484.png
R4bk1/8/8/8/2r1KPPP/p2N4/8/8,game4_frame_036520.png,game4_frame_036520.png
R4bk1/8/8/3K4/2r2PPP/p2N4/8/8,game4_frame_036556.png,game4_frame_036556.png
R4bk1/8/8/3K4/5PPP/p1rN4/8/8,game4_frame_036580.png,game4_frame_036580.png
R4bk1/8/8/3KN3/5PPP/p1r5/8/8,game4_frame_036652.png,game4_frame_036652.png
R4bk1/8/8/3KN3/5PPP/p6r/8/8,game4_frame_036740.png,game4_frame_036740.png
R4bk1/8/6N1/3K4/5PPP/p6r/8/8,game4_frame_036772.png,game4_frame_036772.png
R4b2/6k1/6N1/3K4/5PPP/p6r/8/8,game4_frame_036796.png,game4_frame_036796.png
R4N2/6k1/8/3K4/5PPP/p6r/8/8,game4_frame_036812.png,game4_frame_036812.png
R7/6k1/4N3/3K4/5PPr/p7/8/8,game4_frame_037000.png,game4_frame_037000.png
R7/8/4Nk2/3K2P1/5P1r/p7/8/8,game4_frame_037040.png,game4_frame_037040.png
R7/4k3/4N3/3K2P1/5P1r/p7/8/8,game4_frame_037076.png,game4_frame_037076.png
8/4k3/4N3/3K2P1/5P1r/R7/8/8,game4_frame_037108.png,game4_frame_037108.png
8/4k3/4N3/3K2P1/5P2/R7/8/7r,game4_frame_037128.png,game4_frame_037128.png
8/4k3/4N3/3K2P1/5P2/4R3/8/7r,game4_frame_037180.png,game4_frame_037180.png
8/4k3/4N3/4K1P1/5P2/4R3/8/3r4,game4_frame_037220.png,game4_frame_037220.png
8/4k3/4N3/4K1P1/5P2/4R3/8/r7,game4_frame_037264.png,game4_frame_037264.png
8/4k3/4N3/5KP1/5P2/4R3/8/r7,game4_frame_037340.png,game4_frame_037340.png
8/4k3/4N3/r3RKP1/5P2/8/8/8,game4_frame_037420.png,game4_frame_037420.png
8/4k3/4N3/4RKP1/5P2/8/8/r7,game4_frame_037504.png,game4_frame_037504.png
8/4k3/8/4RKP1/3N1P2/8/8/r7,game4_frame_037528.png,game4_frame_037528.png
6k1/8/6P1/4RK2/3N1P2/8/8/r7,game4_frame_037636.png,game4_frame_037636.png
6k1/8/5KP1/4R3/3N1P2/8/8/r7,game4_frame_037668.png,game4_frame_037668.png
6k1/8/r4KP1/4R3/3N1P2/8/8/8,game4_frame_037696.png,game4_frame_037696.png
6k1/8/r3RKP1/8/3N1P2/8/8/8,game4_frame_037716.png,game4_frame_037716.png
r5k1/8/4RKP1/8/3N1P2/8/8/8,game4_frame_037740.png,game4_frame_037740.png
r5k1/8/4RKP1/5N2/5P2/8/8/8,game4_frame_037772.png,game4_frame_037772.png
5rk1/8/4RKP1/5N2/5P2/8/8/8,game4_frame_037820.png,game4_frame_037820.png
5rk1/8/4R1P1/5NK1/5P2/8/8/8,game4_frame_037840.png,game4_frame_037840.png
r5k1/8/4R1P1/5NK1/5P2/8/8/8,game4_frame_037896.png,game4_frame_037896.png
r5k1/4R3/6P1/5NK1/5P2/8/8/8,game4_frame_037940.png,game4_frame_037940.png
1r4k1/4R3/6P1/5NK1/5P2/8/8/8,game4_frame_038044.png,game4_frame_038044.png
1r4k1/4R3/6PN/6K1/5P2/8/8/8,game4_frame_038208.png,game4_frame_038208.png
1r2k3/7R/6PN/6K1/5P2/8/8/8,game4_frame_038276.png,game4_frame_038276.png
4k3/6PR/5K1N/5P2/8/8/8/6r1,game4_frame_038480.png,game4_frame_038480.png
3k4/6PR/5K1N/5P2/8/8/8/6r1,game4_frame_038728.png,game4_frame_038728.png
4k1N1/7R/5K2/5P2/8/8/8/8,game4_frame_038832.png,game4_frame_038832.png
5kN1/7R/4K3/5P2/8/8/8/8,game4_frame_038872.png,game4_frame_038872.png
5kN1/R7/4K3/5P2/8/8/8/8,game4_frame_038924.png,game4_frame_038924.png
6k1/R7/5K2/5P2/8/8/8/8,game4_frame_039008.png,game4_frame_039008.png
7k/R7/5K2/5P2/8/8/8/8,game4_frame_039032.png,game4_frame_039032.png
R5k1/8/6K1/5P2/8/8/8/8,game4_frame_039084.png,game4_frame_039084.png
rnbqkbnr/pppppppp/8/8/8/8/PPPPPPPP/RNBQKBNR,game5_frame_000044.png,game5_frame_000044.png
rnbqkbnr/pppppppp/8/8/3P4/8/PPP1PPPP/RNBQKBNR,game5_frame_000528.png,game5_frame_000528.png
rnbqkb1r/pppppppp/5n2/8/3P4/8/PPP1PPPP/RNBQKBNR,game5_frame_000548.png,game5_frame_000548.png
rnbqkb1r/pppppppp/5n2/6B1/3P4/8/PPP1PPPP/RN1QKBNR,game5_frame_000584.png,game5_frame_000584.png
rnbqkb1r/pp1ppppp/5n2/2p3B1/3P4/8/PPP1PPPP/RN1QKBNR,game5_frame_000664.png,game5_frame_000664.png
rnbqkb1r/pp1p1ppp/5p2/2p5/3P4/8/PPP1PPPP/RN1QKBNR,game5_frame_000752.png,game5_frame_000752.png
rnbqkb1r/pp1p1ppp/5p2/2pP4/8/8/PPP1PPPP/RN1QKBNR,game5_frame_001240.png,game5_frame_001240.png
rnbqkb1r/pp1p1p1p/5pp1/2pP4/8/8/PPP1PPPP/RN1QKBNR,game5_frame_001332.png,game5_frame_001332.png
rnbqkb1r/pp1p1p1p/5pp1/2pP4/2P5/8/PP2PPPP/RN1QKBNR,game5_frame_001372.png,game5_frame_001372.png
rnbqk2r/pp1p1pbp/5pp1/2pP4/2P5/8/PP2PPPP/RN1QKBNR,game5_frame_001412.png,game5_frame_001412.png
rnbqk2r/pp1p1pbp/5pp1/2pP4/2P5/2N5/PP2PPPP/R2QKBNR,game5_frame_001444.png,game5_frame_001444.png
rnbq1rk1/pp1p1pbp/5pp1/2pP4/2P5/2N5/PP2PPPP/R2QKBNR,game5_frame_001656.png,game5_frame_001656.png
rnbq1rk1/pp1p1pbp/5pp1/2pP4/2P5/2N1P3/PP3PPP/R2QKBNR,game5_frame_001840.png,game5_frame_001840.png
rnbq1rk1/pp1p1pbp/6p1/2pP1p2/2P5/2N1P3/PP3PPP/R2QKBNR,game5_frame_001908.png,game5_frame_001908.png
rnbq1rk1/pp1p1pbp/6p1/2pP1p2/2P5/2N1P1P1/PP3P1P/R2QKBNR,game5_frame_002360.png,game5_frame_002360.png
rnbq1rk1/pp3pbp/3p2p1/2pP1p2/2P5/2N1P1P1/PP3P1P/R2QKBNR,game5_frame_002472.png,game5_frame_002472.png
rnbq1rk1/pp3pbp/3p2p1/2pP1p2/2P5/2N1P1P1/PP3PBP/R2QK1NR,game5_frame_002516.png,game5_frame_002516.png
rnbq1rk1/p4pbp/3p2p1/1ppP1p2/2P5/2N1P1P1/PP3PBP/R2QK1NR,game5_frame_002552.png,game5_frame_002552.png
rnbq1rk1/p4pbp/3p2p1/1PpP1p2/8/2N1P1P1/PP3PBP/R2QK1NR,game5_frame_002852.png,game5_frame_002852.png
rnbq1rk1/5pbp/p2p2p1/1PpP1p2/8/2N1P1P1/PP3PBP/R2QK1NR,game5_frame_002880.png,game5_frame_002880.png
rnbq1rk1/5pbp/P2p2p1/2pP1p2/8/2N1P1P1/PP3PBP/R2QK1NR,game5_frame_002924.png,game5_frame_002924.png
rn1q1rk1/5pbp/b2p2p1/2pP1p2/8/2N1P1P1/PP3PBP/R2QK1NR,game5_frame_003100.png,game5_frame_003100.png
rn1q1rk1/5pbp/b2p2p1/2pP1p2/8/2N1P1P1/PP2NPBP/R2QK2R,game5_frame_003140.png,game5_frame_003140.png
r2q1rk1/3n1pbp/b2p2p1/2pP1p2/8/2N1P1P1/PP2NPBP/R2QK2R,game5_frame_003264.png,game5_frame_003264.png
r2q1rk1/3n1pbp/b2p2p1/2pP1p2/8/2N1P1P1/PP2NPBP/R2Q1RK1,game5_frame_003720.png,game5_frame_003720.png
r2q1rk1/5pbp/b2p2p1/2pPnp2/8/2N1P1P1/PP2NPBP/R2Q1RK1,game5_frame_003788.png,game5_frame_003788.png
r2q1rk1/5pbp/b2p2p1/2pPnp2/8/2N1P1P1/PPQ1NPBP/R4RK1,game5_frame_004168.png,game5_frame_004168.png
r4rk1/5pbp/b2p2p1/q1pPnp2/8/2N1P1P1/PPQ1NPBP/R4RK1,game5_frame_004264.png,game5_frame_004264.png
r4rk1/5pbp/b2p2p1/q1pPnp2/8/2N1P1P1/PPQ1NPBP/R2R2K1,game5_frame_004604.png,game5_frame_004604.png
r4rk1/5pbp/b2p2p1/q1pP1p2/2n5/2N1P1P1/PPQ1NPBP/R2R2K1,game5_frame_004752.png,game5_frame_004752.png
r4rk1/5pbp/b2p2p1/q1pP1p2/2n5/2N1P1P1/PPQ1NPBP/2RR2K1,game5_frame_005160.png,game5_frame_005160.png
r4rk1/5pbp/b2p2p1/q1pP1p2/8/2N1P1P1/PnQ1NPBP/2RR2K1,game5_frame_005560.png,game5_frame_005560.png
r4rk1/5pbp/b2p2p1/q1pP1p2/8/2N1P1P1/PQ2NPBP/2RR2K1,game5_frame_005792.png,game5_frame_005792.png
r4rk1/5pbp/3p2p1/q1pP1p2/8/2N1P1P1/PQ2bPBP/2RR2K1,game5_frame_005828.png,game5_frame_005828.png
r4rk1/5pbp/3p2p1/q1pP1p2/8/2N1P1P1/P3QPBP/2RR2K1,game5_frame_006280.png,game5_frame_006280.png
r4rk1/5p1p/3p2p1/q1pP1p2/8/2b1P1P1/P3QPBP/2RR2K1,game5_frame_006320.png,game5_frame_006320.png
r4rk1/5p1p/3p2p1/q1pP1p2/7P/2b1P1P1/P3QPB1/2RR2K1,game5_frame_006640.png,game5_frame_006640.png
r4rk1/5p1p/3p2p1/q1pPbp2/7P/4P1P1/P3QPB1/2RR2K1,game5_frame_006956.png,game5_frame_006956.png
r4rk1/5p1p/3p2p1/q1pPbp2/7P/4P1P1/P1R1QPB1/3R2K1,game5_frame_007196.png,game5_frame_007196.png
rr4k1/5p1p/3p2p1/q1pPbp2/7P/4P1P1/P1R1QPB1/3R2K1,game5_frame_007236.png,game5_frame_007236.png
rr4k1/5p1p/3p2p1/q1pPbp1P/8/4P1P1/P1R1QPB1/3R2K1,game5_frame_007436.png,game5_frame_007436.png
rr4k1/5p1p/q2p2p1/2pPbp1P/8/4P1P1/P1R1QPB1/3R2K1,game5_frame_007544.png,game5_frame_007544.png
1r4k1/5p1p/r2p2p1/2pPbp1P/8/4P1P1/P1R2PB1/3R2K1,game5_frame_008620.png,game5_frame_008620.png
1r4k1/5p1p/r2p2P1/2pPbp2/8/4P1P1/P1R2PB1/3R2K1,game5_frame_008652.png,game5_frame_008652.png
1r4k1/7p/r2p2p1/2pPbp2/8/4P1P1/P1R2PB1/3R2K1,game5_frame_009020.png,game5_frame_009020.png
1r4k1/7p/r2p2p1/2pPbp2/8/4P1P1/P1R2P2/3R1BK1,game5_frame_009308.png,game5_frame_009308.png
1r4k1/7p/3p2p1/2pPbp2/8/r3P1P1/P1R2P2/3R1BK1,game5_frame_009332.png,game5_frame_009332.png
1r4k1/7p/3p2p1/2pPbp2/8/r2RP1P1/P1R2P2/5BK1,game5_frame_009500.png,game5_frame_009500.png
1r4k1/7p/3p2p1/2pPbp2/8/3rP1P1/P1R2P2/5BK1,game5_frame_011108.png,game5_frame_011108.png
1r4k1/7p/3p2p1/2pPbp2/8/3BP1P1/P1R2P2/6K1,game5_frame_011152.png,game5_frame_011152.png
1r6/5k1p/3p2p1/2pPbp2/8/3BP1P1/P1R2P2/6K1,game5_frame_011364.png,game5_frame_011364.png
1r6/5k1p/3p2p1/2pPbp2/8/3BP1P1/P1R2PK1/8,game5_frame_011488.png,game5_frame_011488.png
8/5k1p/3p2p1/2pPbp2/8/3BP1P1/P1R2PK1/1r6,game5_frame_011884.png,game5_frame_011884.png
8/5k1p/3p2p1/2pPbp2/P7/3BP1P1/2R2PK1/1r6,game5_frame_013728.png,game5_frame_013728.png
8/5k1p/3p2p1/2pPbp2/P7/3BP1P1/2R2PK1/r7,game5_frame_014008.png,game5_frame_014008.png
8/5k1p/3p2p1/1BpPbp2/P7/4P1P1/2R2PK1/r7,game5_frame_014124.png,game5_frame_014124.png
8/4k2p/3p2p1/1BpPbp2/P7/4P1P1/2R2PK1/r7,game5_frame_014148.png,game5_frame_014148.png
8/4k2p/3p2p1/1BpPbp2/P7/4P1P1/3R1PK1/r7,game5_frame_014872.png,game5_frame_014872.png
3k4/7p/3p2p1/1BpPbp2/P7/4P1P1/3R1PK1/r7,game5_frame_014972.png,game5_frame_014972.png
3k4/7p/3p2p1/1BpPbp2/P7/4P1P1/4RPK1/r7,game5_frame_015364.png,game5_frame_015364.png
8/2k4p/3p2p1/1BpPbp2/P7/4P1P1/4RPK1/r7,game5_frame_017528.png,game5_frame_017528.png
8/2k4p/3p2p1/1BpPbp2/P4P2/4P1P1/4R1K1/r7,game5_frame_018124.png,game5_frame_018124.png
8/2k4p/3p2p1/1BpP1p2/P4P2/2b1P1P1/4R1K1/r7,game5_frame_018568.png,game5_frame_018568.png
8/2k4p/3p2p1/1BpP1p2/P3PP2/2b3P1/4R1K1/r7,game5_frame_018764.png,game5_frame_018764.png
8/2k4p/3p2p1/1BpP1p2/P3PP2/2b3P1/4R1K1/3r4,game5_frame_018928.png,game5_frame_018928.png
8/2k4p/3p2p1/1BpPPp2/P4P2/2b3P1/4R1K1/3r4,game5_frame_020172.png,game5_frame_020172.png
8/2k4p/6p1/1BpPpp2/P4P2/2b3P1/4R1K1/3r4,game5_frame_024528.png,game5_frame_024528.png
8/2k4p/6p1/1BpPPp2/P7/2b3P1/4R1K1/3r4,game5_frame_024560.png,game5_frame_024560.png
8/2k4p/6p1/1BprPp2/P7/2b3P1/4R1K1/8,game5_frame_024600.png,game5_frame_024600.png
8/2k4p/4Pbp1/1Bpr1p2/P7/6P1/4R1K1/8,game5_frame_027424.png,game5_frame_027424.png
8/2k1P2p/5bp1/1Bpr1p2/P7/6P1/4R1K1/8,game5_frame_024756.png,game5_frame_024756.png
8/2k1b2p/6p1/1Bpr1p2/P7/6P1/4R1K1/8,game5_frame_024772.png,game5_frame_024772.png
8/4R2p/1k4p1/1Bpr1p2/P7/6P1/6K1/8,game5_frame_024812.png,game5_frame_024812.png
8/7R/1k4p1/1Bpr1p2/P7/6P1/6K1/8,game5_frame_025004.png,game5_frame_025004.png
8/7R/6p1/kBpr1p2/P7/6P1/6K1/8,game5_frame_025024.png,game5_frame_025024.png
8/6R1/6p1/kBpr1p2/P7/6P1/6K1/8,game5_frame_025284.png,game5_frame_025284.png
8/6R1/3r2p1/kBp2p2/P7/6P1/6K1/8,game5_frame_025744.png,game5_frame_025744.png
4B3/6R1/3r2p1/k1p2p2/P7/6P1/6K1/8,game5_frame_027140.png,game5_frame_027140.png
4B3/6R1/3r2p1/k4p2/P1p5/6P1/6K1/8,game5_frame_028056.png,game5_frame_028056.png
8/6R1/3r2B1/k4p2/P1p5/6P1/6K1/8,game5_frame_028228.png,game5_frame_028228.png
8/6R1/5rB1/k4p2/P1p5/6P1/6K1/8,game5_frame_028852.png,game5_frame_028852.png
4B3/6R1/5r2/k4p2/P1p5/6P1/6K1/8,game5_frame_029860.png,game5_frame_029860.png
4B3/6R1/5r2/k4p2/P7/2p3P1/6K1/8,game5_frame_029960.png,game5_frame_029960.png
4B3/2R5/5r2/k4p2/P7/2p3P1/6K1/8,game5_frame_030000.png,game5_frame_030000.png
4B3/2R5/5r2/5p2/Pk6/2p3P1/6K1/8,game5_frame_030036.png,game5_frame_030036.png
4B3/2R5/5r2/5p2/Pk6/2p3P1/5K2/8,game5_frame_031272.png,game5_frame_031272.png
4B3/2R5/5r2/5p2/P7/1kp3P1/5K2/8,game5_frame_031428.png,game5_frame_031428.png
8/2R5/5r2/1B3p2/P7/1kp3P1/5K2/8,game5_frame_031960.png,game5_frame_031960.png
8/2R5/3r4/1B3p2/P7/1kp3P1/5K2/8,game5_frame_032060.png,game5_frame_032060.png
8/2R5/3r4/1B3p2/P7/1kp1K1P1/8/8,game5_frame_032120.png,game5_frame_032120.png
8/2R5/4r3/1B3p2/P7/1kp1K1P1/8/8,game5_frame_032488.png,game5_frame_032488.png
8/2R5/4r3/1B3p2/P2K4/1kp3P1/8/8,game5_frame_032852.png,game5_frame_032852.png
8/2R5/3r4/1B3p2/P2K4/1kp3P1/8/8,game5_frame_032988.png,game5_frame_032988.png
8/2R5/3r4/1B3p2/P7/1kp1K1P1/8/8,game5_frame_033260.png,game5_frame_033260.png
8/2R5/4r3/1B3p2/P7/1kp1K1P1/8/8,game5_frame_033416.png,game5_frame_033416.png
8/2R5/4r3/1B3p2/P7/1kp2KP1/8/8,game5_frame_033636.png,game5_frame_033636.png
8/2R5/3r4/1B3p2/P7/1kp2KP1/8/8,game5_frame_034084.png,game5_frame_034084.png
8/2R5/3r4/PB3p2/8/1kp2KP1/8/8,game5_frame_034412.png,game5_frame_034412.png
8/2R5/3r4/PB3p2/8/1k3KP1/2p5/8,game5_frame_034352.png,game5_frame_034352.png
8/2R5/P2r4/1B3p2/8/1k3KP1/2p5/8,game5_frame_034436.png,game5_frame_034436.png
8/2R5/P2r4/1B3p2/8/5KP1/1kp5/8,game5_frame_034536.png,game5_frame_034536.png
8/P1R5/3r4/1B3p2/8/5KP1/1kp5/8,game5_frame_034576.png,game5_frame_034576.png
3r4/P1R5/8/1B3p2/8/5KP1/1kp5/8,game5_frame_034592.png,game5_frame_034592.png
3r4/P7/8/1B3p2/8/5KP1/2k5/8,game5_frame_034668.png,game5_frame_034668.png
3r4/P7/8/1B3p2/8/5KP1/2k5/8,game5_frame_034668.png,game5_frame_034668.png
rnbqkbnr/pppppppp/8/8/8/8/PPPPPPPP/RNBQKBNR,game6_frame_000036.png,game6_frame_000036.png
rnbqkbnr/ppp1pppp/8/3p4/3P4/8/PPP1PPPP/RNBQKBNR,game6_frame_000532.png,game6_frame_000532.png
rnbqkbnr/ppp1pppp/8/3p4/3P1B2/8/PPP1PPPP/RN1QKBNR,game6_frame_000600.png,game6_frame_000600.png
rnbqkbnr/ppp2ppp/4p3/3p4/3P1B2/8/PPP1PPPP/RN1QKBNR,game6_frame_000616.png,game6_frame_000616.png
rnbqkbnr/ppp2ppp/4p3/3p4/3P1B2/4P3/PPP2PPP/RN1QKBNR,game6_frame_000636.png,game6_frame_000636.png
rnbqkb1r/ppp2ppp/4pn2/3p4/3P1B2/4P3/PPP2PPP/RN1QKBNR,game6_frame_000692.png,game6_frame_000692.png
rnbqkb1r/ppp2ppp/4pn2/3p4/3P1B2/4P3/PPPN1PPP/R2QKBNR,game6_frame_000788.png,game6_frame_000788.png
rnbqk2r/ppp2ppp/3bpn2/3p4/3P4/4P1B1/PPPN1PPP/R2QKBNR,game6_frame_000824.png,game6_frame_000824.png
rnbqk2r/p1p2ppp/1p1bpn2/3p4/3P4/4P1B1/PPPN1PPP/R2QKBNR,game6_frame_000960.png,game6_frame_000960.png
rnbqk2r/p1p2ppp/1p1bpn2/3p4/3P4/2P1P1B1/PP1N1PPP/R2QKBNR,game6_frame_001024.png,game6_frame_001024.png
rn1qk2r/pbp2ppp/1p1bpn2/3p4/3P4/2P1PNB1/PP1N1PPP/R2QKB1R,game6_frame_001060.png,game6_frame_001060.png
rn1q1rk1/pbp2ppp/1p1bpn2/3p4/3P4/2P1PNB1/PP1N1PPP/R2QKB1R,game6_frame_001100.png,game6_frame_001100.png
rn1q1rk1/pbp2ppp/1p1bpn2/3p4/3P4/2PBPNB1/PP1N1PPP/R2QK2R,game6_frame_001216.png,game6_frame_001216.png
rn1q1rk1/pbp2ppp/1p1bp3/3p4/3Pn3/2PBPNB1/PP1N1PPP/R2QK2R,game6_frame_001252.png,game6_frame_001252.png
rn1q1rk1/pbp2ppp/1p1bp3/3p4/3Pn2B/2PBPN2/PP1N1PPP/R2QK2R,game6_frame_001680.png,game6_frame_001680.png
rn1q1rk1/pbp3pp/1p1bpp2/3p4/3Pn2B/2PBPN2/PP1N1PPP/R2QK2R,game6_frame_002000.png,game6_frame_002000.png
rn1q1rk1/pbp3pp/1p1bpp2/3p4/3Pn2B/2PBPN2/PPQN1PPP/R3K2R,game6_frame_002260.png,game6_frame_002260.png
rn1q1rk1/pbp3pp/1p1bpp2/3p4/3P3B/2PBPN2/PPQn1PPP/R3K2R,game6_frame_003248.png,game6_frame_003248.png
rn1q1rk1/pbp3pB/1p1bpp2/3p4/3P3B/2P1PN2/PPQn1PPP/R3K2R,game6_frame_003604.png,game6_frame_003604.png
rn1q1r1k/pbp3pB/1p1bpp2/3p4/3P3B/2P1PN2/PPQn1PPP/R3K2R,game6_frame_003724.png,game6_frame_003724.png
rn1q1r1k/pbp3pB/1p1bpp2/3p4/3P3B/2P1P3/PPQN1PPP/R3K2R,game6_frame_003904.png,game6_frame_003904.png
rn1q1r1k/pbp4B/1p1bpp2/3p2p1/3P3B/2P1P3/PPQN1PPP/R3K2R,game6_frame_004184.png,game6_frame_004184.png
rn1q1r1k/pbp4B/1p1bpp2/3p2p1/3P4/2P1P1B1/PPQN1PPP/R3K2R,game6_frame_004400.png,game6_frame_004400.png
rn1q1r1k/pbp4B/1p1bp3/3p1pp1/3P4/2P1P1B1/PPQN1PPP/R3K2R,game6_frame_004460.png,game6_frame_004460.png
rn1q1r1k/pbp4B/1p1Bp3/3p1pp1/3P4/2P1P3/PPQN1PPP/R3K2R,game6_frame_004768.png,game6_frame_004768.png
rn3r1k/pbp4B/1p1qp3/3p1pp1/3P4/2P1P3/PPQN1PPP/R3K2R,game6_frame_005196.png,game6_frame_005196.png
rn3r1k/pbp5/1p1qp1B1/3p1pp1/3P4/2P1P3/PPQN1PPP/R3K2R,game6_frame_005236.png,game6_frame_005236.png
rn3r2/pbp3k1/1p1qp1B1/3p1pp1/3P4/2P1P3/PPQN1PPP/R3K2R,game6_frame_005300.png,game6_frame_005300.png
rn3r2/pbp3k1/1p1qp3/3p1ppB/3P4/2P1P3/PPQN1PPP/R3K2R,game6_frame_005360.png,game6_frame_005360.png
rn5r/pbp3k1/1p1qp3/3p1ppB/3P4/2P1P3/PPQN1PPP/R3K2R,game6_frame_005384.png,game6_frame_005384.png
rn6/pbp3k1/1p1qp3/3p1pp1/3P4/2P1P3/PPQNBPPr/R3K2R,game6_frame_006224.png,game6_frame_006224.png
rn6/pbp3k1/1p1qp3/3p1pp1/3P4/2P1P3/PPQNBPPr/2KR3R,game6_frame_006500.png,game6_frame_006500.png
r7/pbpn2k1/1p1qp3/3p1pp1/3P4/2P1P3/PPQNBPPr/2KR3R,game6_frame_006760.png,game6_frame_006760.png
r7/pbpn2k1/1p1qp3/3p1pp1/3P4/2P1PN2/PPQ1BPPr/2KR3R,game6_frame_008000.png,game6_frame_008000.png
r7/pbpn2k1/1p1qp3/3p1pp1/3P4/2P1PN2/PPQ1BPP1/2K4R,game6_frame_008088.png,game6_frame_008088.png
r7/pbpn2k1/1p1qp3/3p1p2/3P2p1/2P1PN2/PPQ1BPP1/2K4R,game6_frame_008644.png,game6_frame_008644.png
r7/pbpn2k1/1p1qp3/3p1pN1/3P2p1/2P1P3/PPQ1BPP1/2K4R,game6_frame_009844.png,game6_frame_009844.png
r7/pbp3k1/1p1qpn2/3p1pN1/3P2p1/2P1P3/PPQ1BPP1/2K4R,game6_frame_011180.png,game6_frame_011180.png
r7/pbp3k1/1p1qpn2/3p1pN1/3P1Pp1/2P1P3/PPQ1B1P1/2K4R,game6_frame_011688.png,game6_frame_011688.png
r7/p1p3k1/1pbqpn2/3p1pN1/3P1Pp1/2P1P3/PPQ1B1P1/2K4R,game6_frame_016936.png,game6_frame_016936.png
r7/p1p3k1/1pbqpn2/3p1pN1/3P1Pp1/2PBP3/PPQ3P1/2K4R,game6_frame_017664.png,game6_frame_017664.png
r7/p1pq2k1/1pb1pn2/3p1pN1/3P1Pp1/2PBP3/PPQ3P1/2K4R,game6_frame_019768.png,game6_frame_019768.png
r7/p1pq2k1/1pb1pn2/3p1pN1/3P1Pp1/2PBP1P1/PPQ5/2K4R,game6_frame_020160.png,game6_frame_020160.png
7r/p1pq2k1/1pb1pn2/3p1pN1/3P1Pp1/2PBP1P1/PPQ5/2K4R,game6_frame_020508.png,game6_frame_020508.png
7k/p1pq4/1pb1pn2/3p1pN1/3P1Pp1/2PBP1P1/PP5Q/2K5,game6_frame_020564.png,game6_frame_020564.png
8/p1pq2k1/1pb1pn2/3p1pN1/3P1Pp1/2PBP1P1/PP5Q/2K5,game6_frame_020708.png,game6_frame_020708.png
8/p1pq2k1/1pb1pn2/3p1pN1/3P1Pp1/1PPBP1P1/P6Q/2K5,game6_frame_021964.png,game6_frame_021964.png
4q3/p1p3k1/1pb1pn2/3p1pN1/3P1Pp1/1PPBP1P1/P6Q/2K5,game6_frame_022164.png,game6_frame_022164.png
4q3/p1pb2k1/1p2pn2/3p1pN1/3P1Pp1/1PPBP1P1/PK5Q/8,game6_frame_022716.png,game6_frame_022716.png
4q3/p1pb2k1/1p2pn2/3p1pN1/3P1Pp1/1PPBP1P1/PK2Q3/8,game6_frame_023292.png,game6_frame_023292.png
4q3/2pb2k1/1p2pn2/p2p1pN1/3P1Pp1/1PPBP1P1/PK2Q3/8,game6_frame_023748.png,game6_frame_023748.png
4q3/2pb2k1/1p2pn2/p2p1pN1/P2P1Pp1/1PPBP1P1/1K2Q3/8,game6_frame_024012.png,game6_frame_024012.png
4q3/2pb2k1/1p2p3/p2p1pNn/P2P1Pp1/1PPBP1P1/1K2Q3/8,game6_frame_024520.png,game6_frame_024520.png
4q3/2pb2k1/1p2p3/p2p1pNn/P2P1Pp1/1PPBP1P1/1K5Q/8,game6_frame_024952.png,game6_frame_024952.png
4q3/3b2k1/1pp1p3/p2p1pNn/P2P1Pp1/1PPBP1P1/1K5Q/8,game6_frame_025332.png,game6_frame_025332.png
4q3/3b2k1/1pp1p3/p2p1pNn/P2P1PpQ/1PPBP1P1/1K6/8,game6_frame_027248.png,game6_frame_027248.png
4q3/3b2k1/1pp1pn2/p2p1pN1/P2P1PpQ/1PPBP1P1/1K6/8,game6_frame_027448.png,game6_frame_027448.png
4q3/3b2k1/1pp1pn2/p2p1pN1/P2P1Pp1/1PPBP1P1/1K5Q/8,game6_frame_028008.png,game6_frame_028008.png
7q/3b2k1/1pp1pn2/p2p1pN1/P2P1Pp1/1PPBP1P1/1K5Q/8,game6_frame_028320.png,game6_frame_028320.png
7q/3b2k1/1pp1pn2/p2p1pN1/P2P1Pp1/1PPBP1P1/1K4Q1/8,game6_frame_028904.png,game6_frame_028904.png
7q/3b2k1/2p1pn2/pp1p1pN1/P2P1Pp1/1PPBP1P1/1K4Q1/8,game6_frame_029012.png,game6_frame_029012.png
7q/3b2k1/2p1pn2/pP1p1pN1/3P1Pp1/1PPBP1P1/1K4Q1/8,game6_frame_029716.png,game6_frame_029716.png
7q/3b2k1/4pn2/pp1p1pN1/3P1Pp1/1PPBP1P1/1K2Q3/8,game6_frame_030460.png,game6_frame_030460.png
7q/3b2k1/4pn2/p2p1pN1/1p1P1Pp1/1PPBP1P1/1K2Q3/8,game6_frame_030504.png,game6_frame_030504.png
7q/3b2k1/4pn2/p2p1pN1/1pPP1Pp1/1P1BP1P1/1K2Q3/8,game6_frame_030592.png,game6_frame_030592.png
q7/3b2k1/4pn2/3p1pN1/ppPP1Pp1/1P1BP1P1/1K6/5Q2,game6_frame_031776.png,game6_frame_031776.png
q7/3b2k1/4pn2/3p1pN1/ppPP1Pp1/1P1BP1P1/1K6/Q7,game6_frame_031792.png,game6_frame_031792.png
q7/3b2k1/4pn2/5pN1/pppP1Pp1/1P1BP1P1/1K6/Q7,game6_frame_031880.png,game6_frame_031880.png
q7/3b2k1/4pn2/5pN1/ppBP1Pp1/1P2P1P1/1K6/Q7,game6_frame_032060.png,game6_frame_032060.png
8/3b2k1/4pn2/5pN1/ppBP1Pp1/1P2P1P1/6q1/QK6,game6_frame_032104.png,game6_frame_032104.png
8/3b2k1/4pn2/5pN1/ppBP1Pp1/1P2P1P1/K7/Q5q1,game6_frame_032224.png,game6_frame_032224.png
8/3b2k1/4pn2/5pN1/ppBP1Pp1/1P2q1P1/K7/Q7,game6_frame_032440.png,game6_frame_032440.png
8/3b2k1/4pn2/5pN1/ppBP1Pp1/1P2q1P1/K7/7Q,game6_frame_032832.png,game6_frame_032832.png
8/3b2k1/4pn2/5pN1/ppBP1Pp1/1P4P1/K2q4/7Q,game6_frame_032968.png,game6_frame_032968.png
8/3b2k1/4pn2/5pN1/ppBP1Pp1/1P4P1/3q4/1K5Q,game6_frame_033252.png,game6_frame_033252.png
8/3b2k1/4pn2/5pN1/1pBP1Pp1/pP4P1/3q4/1K5Q,game6_frame_033372.png,game6_frame_033372.png
8/1Q4k1/4bn2/5p2/1pBP1Pp1/pP4P1/3q4/1K6,game6_frame_033648.png,game6_frame_033648.png
8/1Q1b2k1/5n2/5p2/1pBP1Pp1/pP4P1/3q4/1K6,game6_frame_033700.png,game6_frame_033700.png
rnbqkbnr/pppppppp/8/8/8/8/PPPPPPPP/RNBQKBNR,game7_frame_000172.png,game7_frame_000172.png
rnbqkb1r/pppppppp/5n2/8/3P1B2/8/PPP1PPPP/RN1QKBNR,game7_frame_000708.png,game7_frame_000708.png
rnbqkb1r/ppp1pppp/5n2/3p4/3P1B2/4P3/PPP2PPP/RN1QKBNR,game7_frame_000748.png,game7_frame_000748.png
rnbqkb1r/ppp2ppp/4pn2/3p4/3P1B2/4P3/PPP2PPP/RN1QKBNR,game7_frame_000760.png,game7_frame_000760.png
rnbqk2r/ppp2ppp/3bpn2/3p4/3P1B2/4PN2/PPPN1PPP/R2QKB1R,game7_frame_000912.png,game7_frame_000912.png
rnbqk2r/pp3ppp/2pbpn2/3p4/3P1B2/4PN2/PPPN1PPP/R2QKB1R,game7_frame_000956.png,game7_frame_000956.png
rnbqk2r/pp3ppp/2pbpn2/3p4/3P4/4PNB1/PPPN1PPP/R2QKB1R,game7_frame_001048.png,game7_frame_001048.png
rnb1k2r/ppq2ppp/2pbpn2/3p4/3P4/4PNB1/PPPN1PPP/R2QKB1R,game7_frame_001196.png,game7_frame_001196.png
rnb1k2r/ppq2ppp/2pbpn2/3pN3/3P4/4P1B1/PPPN1PPP/R2QKB1R,game7_frame_001792.png,game7_frame_001792.png
r1b1k2r/ppqn1ppp/2pbpn2/3pN3/3P1P2/4P1B1/PPPN2PP/R2QKB1R,game7_frame_001880.png,game7_frame_001880.png
r1b1k2r/p1qn1ppp/1ppbpn2/3pN3/3P1P2/4P1B1/PPPN2PP/R2QKB1R,game7_frame_001916.png,game7_frame_001916.png
r1b1k2r/p1qn1ppp/1ppbpn2/3pN3/3P1P2/2P1P1B1/PP1N2PP/R2QKB1R,game7_frame_001992.png,game7_frame_001992.png
r1b1k2r/2qn1ppp/1ppbpn2/p2pN3/3P1P2/2P1P1B1/PP1N2PP/R2QKB1R,game7_frame_002348.png,game7_frame_002348.png
r1b1k2r/2qn1ppp/1ppbpn2/p2pN3/3P1P2/2PBP1B1/PP1N2PP/R2QK2R,game7_frame_002700.png,game7_frame_002700.png
r3k2r/2qn1ppp/bppbpn2/p2pN3/3P1P2/2PBP1B1/PP1N2PP/R2QK2R,game7_frame_002900.png,game7_frame_002900.png
r3k2r/2qn1ppp/bppbpn2/p2pN3/3P1P2/2P1P1B1/PPBN2PP/R2QK2R,game7_frame_003076.png,game7_frame_003076.png
r4rk1/2qn1ppp/bppbpn2/p2pN3/3P1P2/2P1P1B1/PPBN2PP/R2QK2R,game7_frame_003400.png,game7_frame_003400.png
r4rk1/2qn1ppp/bppbpn2/p2pN3/3P1P2/2P1PQB1/PPBN2PP/R3K2R,game7_frame_004516.png,game7_frame_004516.png
r4rk1/2qn1ppp/bp1bpn2/p1ppN3/3P1P2/2P1PQB1/PPBN2PP/R3K2R,game7_frame_004752.png,game7_frame_004752.png
r4rk1/2qn1ppp/bp1bpn2/p1ppN3/3P1P1B/2P1PQ2/PPBN2PP/R3K2R,game7_frame_004952.png,game7_frame_004952.png
r4rk1/2qn1ppp/bp1bpn2/p2pN3/3p1P1B/2P1PQ2/PPBN2PP/R3K2R,game7_frame_006944.png,game7_frame_006944.png
r4rk1/2qn1ppp/bp1bpn2/p2pN3/3P1P1B/2P2Q2/PPBN2PP/R3K2R,game7_frame_007040.png,game7_frame_007040.png
r4rk1/2qn1p1p/bp1bpnp1/p2pN3/3P1P1B/2P2Q2/PPBN2PP/R3K2R,game7_frame_007600.png,game7_frame_007600.png
r4rk1/2qn1p1p/bp1bpnp1/p2pN3/3P1P1B/2P4Q/PPBN2PP/R3K2R,game7_frame_012180.png,game7_frame_012180.png
r1r3k1/2qn1p1p/bp1bpnp1/p2pN3/3P1P1B/2P4Q/PPBN2PP/R3K2R,game7_frame_014272.png,game7_frame_014272.png
r1r3k1/2qn1p1p/bp1bpnp1/p2pN3/3P1PPB/2P4Q/PPBN3P/R3K2R,game7_frame_015144.png,game7_frame_015144.png
r1r3k1/2qn1p1p/b2bpnp1/pp1pN3/3P1PPB/2P4Q/PPBN3P/R3K2R,game7_frame_016032.png,game7_frame_016032.png
r1r3k1/2qn1p1p/b2bpnp1/pp1pN3/3P1PPB/2P4Q/PPBN3P/R4RK1,game7_frame_016920.png,game7_frame_016920.png
r1r3k1/2qn1p1p/b2bpnp1/p2pN3/1p1P1PPB/2P4Q/PPBN3P/R4RK1,game7_frame_017000.png,game7_frame_017000.png
r1r3k1/2qn1p1p/b2bpnp1/p2pN3/1p1P1PPB/2P2R1Q/PPBN3P/R5K1,game7_frame_017092.png,game7_frame_017092.png
r1r3k1/2qn1p1p/b2bpnp1/p2pN3/3P1PPB/2p2R1Q/PPBN3P/R5K1,game7_frame_018136.png,game7_frame_018136.png
r1r3k1/2qn1p1p/b2bpnp1/p2pN3/3P1PPB/2P2R1Q/P1BN3P/R5K1,game7_frame_018284.png,game7_frame_018284.png
r1r3k1/2qn1p1p/b3pnp1/p2pN3/1b1P1PPB/2P2R1Q/P1BN3P/R5K1,game7_frame_019232.png,game7_frame_019232.png
r1r3k1/2qn1p1p/b3pnp1/p2pN3/Bb1P1PPB/2P2R1Q/P2N3P/R5K1,game7_frame_021764.png,game7_frame_021764.png
r1r3k1/2q2p1p/b3pnp1/p2pn3/Bb1P1PPB/2P2R1Q/P2N3P/R5K1,game7_frame_025640.png,game7_frame_025640.png
r1r3k1/2q2p1p/b3p1p1/p2pP3/Bb1Pn1PB/2P2R1Q/P2N3P/R5K1,game7_frame_026756.png,game7_frame_026756.png
r1r3k1/2q2p1p/b3p1p1/p3P3/Bb1Pp1PB/2P2R1Q/P6P/R5K1,game7_frame_028556.png,game7_frame_028556.png
r1r3k1/2q2p1p/b3pBp1/p3P3/BP1P2P1/5p1Q/P6P/R5K1,game7_frame_029020.png,game7_frame_029020.png
r1r3k1/2q2p1p/b3pBp1/p3P3/BP1P2P1/5p1Q/P6P/R5K1,game7_frame_029020.png,game7_frame_029020.png
r1r3k1/5p1p/b3pBp1/p3P3/BP1P2P1/2q2p1Q/P6P/R5K1,game7_frame_029672.png,game7_frame_029672.png
r1r3k1/5p1p/b3pBpQ/p3P3/BP1P2P1/2q2p2/P6P/R5K1,game7_frame_030032.png,game7_frame_030032.png
r1r3k1/5p1p/b3pBpQ/p3P3/BP1P2P1/5p2/P6P/q5K1,game7_frame_030544.png,game7_frame_030544.png
r1r3k1/5p1p/b3pBpQ/p3P3/BP1P2P1/5p2/P4K1P/q7,game7_frame_030560.png,game7_frame_030560.png
r1r3k1/5p1p/b3pBpQ/p3P3/BP1P2P1/5p2/Pq3K1P/8,game7_frame_030576.png,game7_frame_030576.png
r1r3k1/5p1p/b3pBpQ/p3P3/BP1P2P1/5K2/Pq5P/8,game7_frame_030820.png,game7_frame_030820.png
r1r3k1/5p1p/b3pBpQ/p3P3/BP1P2P1/5K2/P3q2P/8,game7_frame_031296.png,game7_frame_031296.png
r1r3k1/5p1p/b3pBpQ/p3P3/BP1P1KP1/8/P3q2P/8,game7_frame_031332.png,game7_frame_031332.png
r1r3k1/5p1p/b3pBpQ/p3P3/BP1P1KP1/8/P2q3P/8,game7_frame_031396.png,game7_frame_031396.png
rnbqkbnr/pppppppp/8/8/8/8/PPPPPPPP/RNBQKBNR,game8_frame_000000.png,game8_frame_000000.png
rnbqkbnr/pppppppp/8/8/4P3/8/PPPP1PPP/RNBQKBNR,game8_frame_000232.png,game8_frame_000232.png
rnbqkbnr/pppp1ppp/8/4p3/4P3/8/PPPP1PPP/RNBQKBNR,game8_frame_000264.png,game8_frame_000264.png
rnbqkbnr/pppp1ppp/8/4p3/4P3/5N2/PPPP1PPP/RNBQKB1R,game8_frame_000300.png,game8_frame_000300.png
r1bqkbnr/pppp1ppp/2n5/4p3/4P3/5N2/PPPP1PPP/RNBQKB1R,game8_frame_000336.png,game8_frame_000336.png
r1bqkbnr/pppp1ppp/2n5/4p3/2B1P3/5N2/PPPP1PPP/RNBQK2R,game8_frame_000388.png,game8_frame_000388.png
r1bqkb1r/pppp1ppp/2n2n2/4p3/2B1P3/5N2/PPPP1PPP/RNBQK2R,game8_frame_000436.png,game8_frame_000436.png
r1bqkb1r/pppp1ppp/2n2n2/4p3/2B1P3/2N2N2/PPPP1PPP/R1BQK2R,game8_frame_000480.png,game8_frame_000480.png
r1bqkb1r/pppp1ppp/2n5/4p3/2B1n3/2N2N2/PPPP1PPP/R1BQK2R,game8_frame_000536.png,game8_frame_000536.png
r1bqkb1r/pppp1Bpp/2n5/4p3/4n3/2N2N2/PPPP1PPP/R1BQK2R,game8_frame_000716.png,game8_frame_000716.png
r1bq1b1r/pppp1kpp/2n5/4p3/4n3/2N2N2/PPPP1PPP/R1BQK2R,game8_frame_000720.png,game8_frame_000720.png
r1bq1b1r/pppp1kpp/2n5/4p3/4N3/5N2/PPPP1PPP/R1BQK2R,game8_frame_000884.png,game8_frame_000884.png
r1bq1b1r/pppp1kp1/2n4p/4p3/4N3/5N2/PPPP1PPP/R1BQK2R,game8_frame_000996.png,game8_frame_000996.png
r1bq1b1r/pppp1kp1/2n4p/4p3/4N3/3P1N2/PPP2PPP/R1BQK2R,game8_frame_001140.png,game8_frame_001140.png
r1bq1b1r/ppp2kp1/2n4p/3pp3/8/2NP1N2/PPP2PPP/R1BQK2R,game8_frame_001244.png,game8_frame_001244.png
r1bq3r/ppp2kp1/2n4p/3pp3/1b6/2NP1N2/PPP2PPP/R1BQK2R,game8_frame_001380.png,game8_frame_001380.png
r1bq3r/ppp2kp1/2n4p/3pp3/1b6/2NP1N2/PPP2PPP/R1BQ1RK1,game8_frame_001736.png,game8_frame_001736.png
r2q3r/ppp2kp1/2n4p/3pp3/1b4b1/2NP1N2/PPP2PPP/R1BQ1RK1,game8_frame_001904.png,game8_frame_001904.png
r2q3r/ppp2kp1/2n4p/3pp3/1b4b1/2NP1N2/PPP2PPP/R1BQR1K1,game8_frame_002388.png,game8_frame_002388.png
r2qr3/ppp2kp1/2n4p/3pp3/1b4b1/2NP1N2/PPP2PPP/R1BQR1K1,game8_frame_002868.png,game8_frame_002868.png
r2qr3/ppp2kp1/2n4p/3pp3/1b4b1/P1NP1N2/1PP2PPP/R1BQR1K1,game8_frame_003244.png,game8_frame_003244.png
r2qr3/ppp2kp1/2n4p/3pp3/6b1/P1bP1N2/1PP2PPP/R1BQR1K1,game8_frame_003552.png,game8_frame_003552.png
r2qr3/ppp2kp1/2n4p/3pp3/6b1/P1PP1N2/2P2PPP/R1BQR1K1,game8_frame_003656.png,game8_frame_003656.png
r2qr1k1/ppp3p1/2n4p/3pp3/6b1/P1PP1N2/2P2PPP/R1BQR1K1,game8_frame_004292.png,game8_frame_004292.png
r2qr1k1/ppp3p1/2n4p/3pp3/6b1/P1PP1N1P/2P2PP1/R1BQR1K1,game8_frame_004648.png,game8_frame_004648.png
r2qr1k1/ppp3p1/2n4p/3pp2b/8/P1PP1N1P/2P2PP1/R1BQR1K1,game8_frame_004892.png,game8_frame_004892.png
r2qr1k1/ppp3p1/2n4p/3pp2b/8/P1PP1N1P/1BP2PP1/R2QR1K1,game8_frame_005040.png,game8_frame_005040.png
r2q1rk1/ppp3p1/2n4p/3pp2b/8/P1PP1N1P/1BP2PP1/R2QR1K1,game8_frame_005360.png,game8_frame_005360.png
r2q1rk1/ppp3p1/2n4p/3pp2b/8/P1PP1N1P/1BPQ1PP1/R3R1K1,game8_frame_005584.png,game8_frame_005584.png
r2q1rk1/ppp3p1/2n4p/3pp3/8/P1PP1b1P/1BPQ1PP1/R3R1K1,game8_frame_005776.png,game8_frame_005776.png
r2q1rk1/ppp3p1/2n4p/3pp3/8/P1PP1P1P/1BPQ1P2/R3R1K1,game8_frame_005876.png,game8_frame_005876.png
r2q2k1/ppp3p1/2n4p/3pp3/8/P1PP1r1P/1BPQ1P2/R3R1K1,game8_frame_006140.png,game8_frame_006140.png
r2q2k1/ppp3p1/2n4p/3pp3/8/P1PP1r1P/1BP1QP2/R3R1K1,game8_frame_006528.png,game8_frame_006528.png
r2q2k1/ppp3p1/2n4p/3pp3/8/P1PP3r/1BP1QP2/R3R1K1,game8_frame_006904.png,game8_frame_006904.png
r2q2k1/ppp3p1/2n4p/3pp3/6Q1/P1PP3r/1BP2P2/R3R1K1,game8_frame_007184.png,game8_frame_007184.png
r5k1/ppp3p1/2n4p/3pp1q1/6Q1/P1PP3r/1BP2P2/R3R1K1,game8_frame_007384.png,game8_frame_007384.png
r5k1/ppp3p1/2n4p/3pp1q1/8/P1PP3r/1BP2PQ1/R3R1K1,game8_frame_007772.png,game8_frame_007772.png
r5k1/ppp3p1/2n4p/3pp3/8/P1PP3r/1BP2Pq1/R3R1K1,game8_frame_008312.png,game8_frame_008312.png
r5k1/ppp3p1/2n4p/3pp3/8/P1PP3r/1BP2PK1/R3R3,game8_frame_008368.png,game8_frame_008368.png
r5k1/ppp3p1/2n4p/3pp2r/8/P1PP4/1BP2PK1/R3R3,game8_frame_008444.png,game8_frame_008444.png
r5k1/ppp3p1/2n4p/3pp2r/2P5/P2P4/1BP2PK1/R3R3,game8_frame_008604.png,game8_frame_008604.png
r5k1/ppp3p1/2n4p/4p2r/2Pp4/P2P4/1BP2PK1/R3R3,game8_frame_008892.png,game8_frame_008892.png
r5k1/ppp3p1/2n4p/4p2r/2Pp4/P1PP4/1B3PK1/R3R3,game8_frame_009092.png,game8_frame_009092.png
r5k1/ppp3p1/2n4p/4p1r1/2Pp4/P1PP4/1B3PK1/R3R3,game8_frame_009180.png,game8_frame_009180.png
5rk1/ppp3p1/2n4p/4p1r1/2Pp4/P1PP4/1B3P2/R3RK2,game8_frame_009468.png,game8_frame_009468.png
5rk1/ppp3p1/2n4p/4p1r1/2PP4/P2P4/1B3P2/R3RK2,game8_frame_009616.png,game8_frame_009616.png
5rk1/ppp3p1/7p/4p1r1/2Pn4/P2P4/1B3P2/R3RK2,game8_frame_009784.png,game8_frame_009784.png
5rk1/ppp3p1/7p/4R1r1/2Pn4/P2P4/1B3P2/R4K2,game8_frame_010644.png,game8_frame_010644.png
5rk1/ppp3p1/7p/4r3/2Pn4/P2P4/1B3P2/R4K2,game8_frame_010904.png,game8_frame_010904.png
5rk1/ppp3p1/7p/4r3/2PB4/P2P4/5P2/R4K2,game8_frame_010972.png,game8_frame_010972.png
5rk1/ppp3p1/7p/7r/2PB4/P2P4/5P2/R4K2,game8_frame_011168.png,game8_frame_011168.png
5rk1/ppp3p1/7p/7r/2PB4/P2P4/4KP2/R7,game8_frame_011344.png,game8_frame_011344.png
4r1k1/ppp3p1/7p/7r/2PB4/P2P4/4KP2/R7,game8_frame_011484.png,game8_frame_011484.png
4r1k1/ppp3p1/7p/7r/2PB4/P2P4/3K1P2/R7,game8_frame_011560.png,game8_frame_011560.png
4r1k1/pp4p1/7p/2p4r/2PB4/P2P4/3K1P2/R7,game8_frame_011668.png,game8_frame_011668.png
4r1k1/pp4p1/7p/2p4r/2P5/P1BP4/3K1P2/R7,game8_frame_012128.png,game8_frame_012128.png
4r1k1/pp4p1/7p/2p5/2P5/P1BP4/3K1P1r/R7,game8_frame_012508.png,game8_frame_012508.png
4r1k1/pp4p1/7p/2p5/2P5/P1BP4/3K1P1r/5R2,game8_frame_013052.png,game8_frame_013052.png
5rk1/pp4p1/7p/2p5/2P5/P1BP4/3K1P1r/5R2,game8_frame_013688.png,game8_frame_013688.png
5rk1/pp4p1/7p/2p5/2P5/P1BPK3/5P1r/5R2,game8_frame_013872.png,game8_frame_013872.png
5rk1/pp4p1/7p/2p5/2P5/P1BPK2r/5P2/5R2,game8_frame_014112.png,game8_frame_014112.png
5rk1/pp4p1/7p/2p5/2P5/P1BP3r/4KP2/5R2,game8_frame_014388.png,game8_frame_014388.png
4r1k1/pp4p1/7p/2p5/2P5/P1BP3r/4KP2/5R2,game8_frame_014780.png,game8_frame_014780.png
4r1k1/pp4p1/7p/2p5/2P5/P1BP3r/3K1P2/5R2,game8_frame_014864.png,game8_frame_014864.png
3r2k1/pp4p1/7p/2p5/2P5/P1BP3r/3K1P2/5R2,game8_frame_015008.png,game8_frame_015008.png
3r2k1/pp4p1/7p/2p5/2P5/P1BP3r/3K1P2/6R1,game8_frame_015044.png,game8_frame_015044.png
3r2k1/pp4p1/7p/2p5/2P5/P1Br4/3K1P2/6R1,game8_frame_015176.png,game8_frame_015176.png
3r2k1/pp4p1/7p/2p5/2P5/P1Br4/2K2P2/6R1,game8_frame_015288.png,game8_frame_015288.png
3r2k1/pp1r2p1/7p/2p5/2P5/P1B5/2K2P2/6R1,game8_frame_015696.png,game8_frame_015696.png
3r2k1/pp1r2p1/5B1p/2p5/2P5/P7/2K2P2/6R1,game8_frame_015864.png,game8_frame_015864.png
4r1k1/pp1r2p1/5B1p/2p5/2P5/P7/2K2P2/6R1,game8_frame_016800.png,game8_frame_016800.png
4r1k1/pp1r2p1/7p/2p5/2P5/P1B5/2K2P2/6R1,game8_frame_017436.png,game8_frame_017436.png
6k1/pp1r2p1/7p/2p5/2P5/P1B5/2K1rP2/6R1,game8_frame_017580.png,game8_frame_017580.png
6k1/pp1r2p1/7p/2p5/2P5/PKB5/4rP2/6R1,game8_frame_017780.png,game8_frame_017780.png
6k1/pp1r2p1/7p/2p5/2P5/PKB5/5r2/6R1,game8_frame_017900.png,game8_frame_017900.png
6k1/pp1r2p1/7p/2p5/2P5/PK6/5r2/4B1R1,game8_frame_018608.png,game8_frame_018608.png
6k1/pp1r2p1/7p/2p5/2P5/PK3r2/8/4B1R1,game8_frame_019496.png,game8_frame_019496.png
6k1/pp1r2p1/7p/2p5/K1P5/P4r2/8/4B1R1,game8_frame_019684.png,game8_frame_019684.png
6k1/pp4p1/7p/2p5/K1P5/P4r2/8/3rB1R1,game8_frame_019876.png,game8_frame_019876.png
6k1/pp4p1/7p/2p5/K1P5/P4r2/5B2/3r2R1,game8_frame_020364.png,game8_frame_020364.png
6k1/pp4p1/7p/2p5/K1P5/P4r2/8/6B1,game8_frame_020524.png,game8_frame_020524.png
6k1/pp4p1/7p/2p2r2/K1P5/P7/8/6B1,game8_frame_021288.png,game8_frame_021288.png
6k1/pp4p1/7p/1Kp2r2/2P5/P7/8/6B1,game8_frame_021440.png,game8_frame_021440.png
6k1/p5p1/1p5p/1Kp2r2/2P5/P7/8/6B1,game8_frame_021808.png,game8_frame_021808.png
6k1/p5p1/1p5p/1Kp2r2/P1P5/8/8/6B1,game8_frame_022428.png,game8_frame_022428.png
8/p5pk/1p5p/1Kp2r2/P1P5/8/8/6B1,game8_frame_022660.png,game8_frame_022660.png
8/p4rpk/Kp5p/2p5/P1P5/8/8/6B1,game8_frame_022836.png,game8_frame_022836.png
8/p4rpk/Kp5p/P1p5/2P5/8/8/6B1,game8_frame_023016.png,game8_frame_023016.png
8/p4rpk/K6p/p1p5/2P5/8/8/6B1,game8_frame_023188.png,game8_frame_023188.png
8/p4rpk/7p/K1p5/2P5/8/8/6B1,game8_frame_023264.png,game8_frame_023264.png
8/p5pk/7p/K1p5/2P2r2/8/8/6B1,game8_frame_023728.png,game8_frame_023728.png
8/p5pk/8/2K4p/2P2r2/8/8/6B1,game8_frame_023904.png,game8_frame_023904.png
8/p5pk/8/2K5/2P2r1p/8/8/6B1,game8_frame_023948.png,game8_frame_023948.png
8/p5pk/8/2K5/2PB1r1p/8/8/8,game8_frame_024168.png,game8_frame_024168.png
8/p5pk/8/2K5/2Pr3p/8/8/8,game8_frame_024424.png,game8_frame_024424.png
8/p5pk/8/8/2PK4/7p/8/8,game8_frame_024572.png,game8_frame_024572.png
8/p5pk/8/2P5/3K4/7p/8/8,game8_frame_025880.png,game8_frame_025880.png
8/p5pk/8/2P5/3K4/8/7p/8,game8_frame_024924.png,game8_frame_024924.png
8/p5pk/2P5/8/3K4/8/7p/8,game8_frame_025008.png,game8_frame_025008.png
8/p5pk/2P5/8/3K4/8/8/7q,game8_frame_025304.png,game8_frame_025304.png
8/p1P3pk/8/8/3K4/8/8/7q,game8_frame_025364.png,game8_frame_025364.png
8/p1P3pk/2q5/8/8/4K3/8/8,game8_frame_025472.png,game8_frame_025472.png
8/p1P3pk/2q5/8/8/4K3/8/8,game8_frame_025472.png,game8_frame_025472.png
8/p1q3pk/8/8/8/4K3/8/8,game8_frame_025632.png,game8_frame_025632.png
8/p1q3pk/8/8/4K3/8/8/8,game8_frame_025868.png,game8_frame_025868.png
8/2q3pk/8/p7/4K3/8/8/8,game8_frame_025972.png,game8_frame_025972.png
8/2q3pk/8/p4K2/8/8/8/8,game8_frame_026068.png,game8_frame_026068.png
8/2q3pk/8/6K1/p7/8/8/8,game8_frame_026148.png,game8_frame_026148.png
8/2q3pk/8/7K/8/p7/8/8,game8_frame_026348.png,game8_frame_026348.png
8/6pk/8/7K/8/p7/7q/8,game8_frame_026604.png,game8_frame_026604.png
8/6pk/8/6K1/8/p7/7q/8,game8_frame_026664.png,game8_frame_026664.png
8/6pk/8/6K1/8/8/p6q/8,game8_frame_026728.png,game8_frame_026728.png
8/6pk/8/5K2/8/8/p6q/8,game8_frame_026840.png,game8_frame_026840.png
8/6pk/8/5K2/8/8/7q/q7,game8_frame_027120.png,game8_frame_027120.png
rnbqkbnr/pppppppp/8/8/8/8/PPPPPPPP/RNBQKBNR,game10_frame_000232.png,game10_frame_000232.png
rnbqkbnr/pppppppp/8/8/4P3/8/PPPP1PPP/RNBQKBNR,game10_frame_003604.png,game10_frame_003604.png
rnbqkbnr/pp1ppppp/2p5/8/4P3/8/PPPP1PPP/RNBQKBNR,game10_frame_003644.png,game10_frame_003644.png
rnbqkbnr/pp1ppppp/2p5/8/4P3/2N5/PPPP1PPP/R1BQKBNR,game10_frame_004004.png,game10_frame_004004.png
rnbqkbnr/pp2pppp/2p5/3p4/4P3/2N5/PPPP1PPP/R1BQKBNR,game10_frame_004040.png,game10_frame_004040.png
rnbqkbnr/pp2pppp/2p5/3p4/3PP3/2N5/PPP2PPP/R1BQKBNR,game10_frame_004172.png,game10_frame_004172.png
rnbqkbnr/pp2pppp/2p5/8/3Pp3/2N5/PPP2PPP/R1BQKBNR,game10_frame_004480.png,game10_frame_004480.png
rnbqkbnr/pp2pppp/2p5/8/3PN3/8/PPP2PPP/R1BQKBNR,game10_frame_004564.png,game10_frame_004564.png
rnbqkb1r/pp2pppp/2p2n2/8/3PN3/8/PPP2PPP/R1BQKBNR,game10_frame_004760.png,game10_frame_004760.png
rnbqkb1r/pp3ppp/2p2p2/8/3P4/8/PPP2PPP/R1BQKBNR,game10_frame_004988.png,game10_frame_004988.png
rnbqkb1r/pp3ppp/2p2p2/8/3P4/5N2/PPP2PPP/R1BQKB1R,game10_frame_005064.png,game10_frame_005064.png
rnbqk2r/pp3ppp/2pb1p2/8/3P4/5N2/PPP2PPP/R1BQKB1R,game10_frame_005584.png,game10_frame_005584.png
rnbqk2r/pp3ppp/2pb1p2/8/2BP4/5N2/PPP2PPP/R1BQK2R,game10_frame_005704.png,game10_frame_005704.png
rnbq1rk1/pp3ppp/2pb1p2/8/2BP4/5N2/PPP2PPP/R1BQK2R,game10_frame_006196.png,game10_frame_006196.png
rnbq1rk1/pp3ppp/2pb1p2/8/2BP4/5N2/PPP2PPP/R1BQ1RK1,game10_frame_006412.png,game10_frame_006412.png
rn1q1rk1/pp3ppp/2pb1p2/8/2BP2b1/5N2/PPP2PPP/R1BQ1RK1,game10_frame_006788.png,game10_frame_006788.png
rn1q1rk1/pp3ppp/2pb1p2/8/2BP4/5b1P/PPP2PP1/R1BQ1RK1,game10_frame_007740.png,game10_frame_007740.png
rn1q1rk1/pp3ppp/2pb1p2/8/2BP4/5Q1P/PPP2PP1/R1B2RK1,game10_frame_007784.png,game10_frame_007784.png
rn1qr1k1/pp3ppp/2pb1p2/8/2BP4/5Q1P/PPP2PP1/R1B2RK1,game10_frame_008932.png,game10_frame_008932.png
rn1qr1k1/pp3ppp/2pb1p2/3P4/2B5/5Q1P/PPP2PP1/R1B2RK1,game10_frame_009732.png,game10_frame_009732.png
rn2r1k1/ppq2ppp/2pb1p2/3P4/2B5/5Q1P/PPP2PP1/R1B2RK1,game10_frame_011864.png,game10_frame_011864.png
rn2r1k1/ppq2ppp/2pb1p2/3P4/2B5/1Q5P/PPP2PP1/R1B2RK1,game10_frame_013072.png,game10_frame_013072.png
rn2r1k1/p1q2ppp/2pb1p2/1p1P4/2B5/1Q5P/PPP2PP1/R1B2RK1,game10_frame_015284.png,game10_frame_015284.png
rn2r1k1/p1q2ppp/2pb1p2/1p1P4/8/1Q1B3P/PPP2PP1/R1B2RK1,game10_frame_015828.png,game10_frame_015828.png
rn2r1k1/2q2ppp/p1pb1p2/1p1P4/8/1Q1B3P/PPP2PP1/R1B2RK1,game10_frame_018756.png,game10_frame_018756.png
rn2r1k1/2q2ppp/p1pb1p2/1p1P4/P7/1Q1B3P/1PP2PP1/R1B2RK1,game10_frame_019408.png,game10_frame_019408.png
r3r1k1/2qn1ppp/p1pb1p2/1p1P4/P7/1Q1B3P/1PP2PP1/R1B2RK1,game10_frame_020132.png,game10_frame_020132.png
r3r1k1/2qn1ppp/p1Pb1p2/1p6/P7/1Q1B3P/1PP2PP1/R1B2RK1,game10_frame_020804.png,game10_frame_020804.png
r3r1k1/2q2ppp/p1Pb1p2/1pn5/P7/1Q1B3P/1PP2PP1/R1B2RK1,game10_frame_023040.png,game10_frame_023040.png
r3r1k1/2q2ppp/p1Pb1p2/1pnQ4/P7/3B3P/1PP2PP1/R1B2RK1,game10_frame_023988.png,game10_frame_023988.png
r3r1k1/2q2ppp/p1Pb1p2/1p1Q4/P7/3n3P/1PP2PP1/R1B2RK1,game10_frame_025212.png,game10_frame_025212.png
r3r1k1/2q2ppp/p1Pb1p2/1p1Q4/P7/3P3P/1P3PP1/R1B2RK1,game10_frame_025520.png,game10_frame_025520.png
3rr1k1/2q2ppp/p1Pb1p2/1p1Q4/P7/3P3P/1P3PP1/R1B2RK1,game10_frame_025912.png,game10_frame_025912.png
3rr1k1/2q2ppp/p1Pb1p2/1p5Q/P7/3P3P/1P3PP1/R1B2RK1,game10_frame_027004.png,game10_frame_027004.png
3rr1k1/2q2p1p/p1Pb1pp1/1p5Q/P7/3P3P/1P3PP1/R1B2RK1,game10_frame_028828.png,game10_frame_028828.png
3rr1k1/2q2p1p/p1Pb1pp1/1p6/P7/3P1Q1P/1P3PP1/R1B2RK1,game10_frame_039160.png,game10_frame_039160.png
2r1r1k1/2q2p1p/p1Pb1pp1/1p6/P7/3P1Q1P/1P3PP1/R1B2RK1,game10_frame_029980.png,game10_frame_029980.png
2r1r1k1/2q2p1p/p1Pb1pp1/1P6/8/3P1Q1P/1P3PP1/R1B2RK1,game10_frame_030240.png,game10_frame_030240.png
2r1r1k1/2q2p1p/2Pb1pp1/1p6/8/3P1Q1P/1P3PP1/R1B2RK1,game10_frame_030460.png,game10_frame_030460.png
2r1r1k1/2q2p1p/2Pb1Qp1/1p6/8/3P3P/1P3PP1/R1B2RK1,game10_frame_030948.png,game10_frame_030948.png
2r1r1k1/5p1p/2qb1Qp1/1p6/8/3P3P/1P3PP1/R1B2RK1,game10_frame_031648.png,game10_frame_031648.png
2r1r1k1/5p1p/2qb2p1/1p6/3Q4/3P3P/1P3PP1/R1B2RK1,game10_frame_031996.png,game10_frame_031996.png
3rr1k1/5p1p/2qb2p1/1p6/3Q4/3P3P/1P3PP1/R1B2RK1,game10_frame_032828.png,game10_frame_032828.png
3rr1k1/5p1p/2qb2p1/1p6/7Q/3P3P/1P3PP1/R1B2RK1,game10_frame_033988.png,game10_frame_033988.png
3rr1k1/5p1p/3b2p1/1p1q4/7Q/3P3P/1P3PP1/R1B2RK1,game10_frame_034836.png,game10_frame_034836.png
3rr1k1/5p1p/3b2p1/1p1q2B1/7Q/3P3P/1P3PP1/R4RK1,game10_frame_035320.png,game10_frame_035320.png
3rr1k1/5p1p/3b2p1/1p2q1B1/7Q/3P3P/1P3PP1/R4RK1,game10_frame_036020.png,game10_frame_036020.png
3rr1k1/5p1p/3b2p1/1p2q1B1/5P1Q/3P3P/1P4P1/R4RK1,game10_frame_036588.png,game10_frame_036588.png
3rr1k1/5p1p/3b2p1/1p4B1/3q1P1Q/3P3P/1P4P1/R4RK1,game10_frame_036796.png,game10_frame_036796.png
3rr1k1/5p1p/3b2p1/1p4B1/3q1P1Q/3P3P/1P4P1/R4R1K,game10_frame_036960.png,game10_frame_036960.png
2r1r1k1/5p1p/3b2p1/1p4B1/3q1P1Q/3P3P/1P4P1/R4R1K,game10_frame_037396.png,game10_frame_037396.png
2r1r1k1/5p1p/3b1Bp1/1p6/3q1P1Q/3P3P/1P4P1/R4R1K,game10_frame_037580.png,game10_frame_037580.png
2r1rbk1/5p1p/5Bp1/1p6/3q1P1Q/3P3P/1P4P1/R4R1K,game10_frame_039452.png,game10_frame_039452.png
2r1rbk1/5p1p/6p1/1p6/3B1P1Q/3P3P/1P4P1/R4R1K,game10_frame_039632.png,game10_frame_039632.png
rnbqkbnr/pppppppp/8/8/4P3/8/PPPP1PPP/RNBQKBNR,game12_frame_012720.png,game12_frame_012720.png
rnbqkbnr/pp1ppppp/2p5/8/4P3/8/PPPP1PPP/RNBQKBNR,game12_frame_012740.png,game12_frame_012740.png
rnbqkbnr/pp1ppppp/2p5/8/4P3/2N5/PPPP1PPP/R1BQKBNR,game12_frame_012920.png,game12_frame_012920.png
rnbqkbnr/pp2pppp/2p5/3p4/4P3/2N5/PPPP1PPP/R1BQKBNR,game12_frame_012984.png,game12_frame_012984.png
rnbqkbnr/pp2pppp/2p5/3p4/3PP3/2N5/PPP2PPP/R1BQKBNR,game12_frame_013060.png,game12_frame_013060.png
rnbqkbnr/pp2pppp/2p5/8/3PN3/8/PPP2PPP/R1BQKBNR,game12_frame_013284.png,game12_frame_013284.png
rnbqkb1r/pp2pppp/2p2n2/8/3PN3/8/PPP2PPP/R1BQKBNR,game12_frame_013416.png,game12_frame_013416.png
rnbqkb1r/pp3ppp/2p2p2/8/3P4/8/PPP2PPP/R1BQKBNR,game12_frame_013552.png,game12_frame_013552.png
rnbqkb1r/pp3ppp/2p2p2/8/3P4/5N2/PPP2PPP/R1BQKB1R,game12_frame_013596.png,game12_frame_013596.png
rnbqk2r/pp3ppp/2pb1p2/8/3P4/5N2/PPP2PPP/R1BQKB1R,game12_frame_013912.png,game12_frame_013912.png
rnbqk2r/pp3ppp/2pb1p2/8/2BP4/5N2/PPP2PPP/R1BQK2R,game12_frame_013980.png,game12_frame_013980.png
rnbq1rk1/pp3ppp/2pb1p2/8/2BP4/5N2/PPP2PPP/R1BQK2R,game12_frame_014336.png,game12_frame_014336.png
rnbq1rk1/pp3ppp/2pb1p2/8/2BP4/5N2/PPP2PPP/R1BQ1RK1,game12_frame_014596.png,game12_frame_014596.png
rn1q1rk1/pp3ppp/2pb1p2/8/2BP2b1/5N2/PPP2PPP/R1BQ1RK1,game12_frame_014684.png,game12_frame_014684.png
rn1q1rk1/pp3ppp/2pb1p2/8/2BP2b1/5N1P/PPP2PP1/R1BQ1RK1,game12_frame_015200.png,game12_frame_015200.png
rn1q1rk1/pp3ppp/2pb1p2/8/2BP4/5b1P/PPP2PP1/R1BQ1RK1,game12_frame_015264.png,game12_frame_015264.png
rn1q1rk1/pp3ppp/2pb1p2/8/2BP4/5Q1P/PPP2PP1/R1B2RK1,game12_frame_015352.png,game12_frame_015352.png
rn1qr1k1/pp3ppp/2pb1p2/8/2BP4/5Q1P/PPP2PP1/R1B2RK1,game12_frame_015984.png,game12_frame_015984.png
rn1qr1k1/pp3ppp/2pb1p2/3P4/2B5/5Q1P/PPP2PP1/R1B2RK1,game12_frame_016520.png,game12_frame_016520.png
rn2r1k1/ppq2ppp/2pb1p2/3P4/2B5/5Q1P/PPP2PP1/R1B2RK1,game12_frame_017812.png,game12_frame_017812.png
rn2r1k1/ppq2ppp/2pb1p2/3P4/2B5/1Q5P/PPP2PP1/R1B2RK1,game12_frame_018536.png,game12_frame_018536.png
rn2r1k1/p1q2ppp/2pb1p2/1p1P4/2B5/1Q5P/PPP2PP1/R1B2RK1,game12_frame_019844.png,game12_frame_019844.png
rn2r1k1/p1q2ppp/2pb1p2/1p1P4/8/1Q1B3P/PPP2PP1/R1B2RK1,game12_frame_020188.png,game12_frame_020188.png
rn2r1k1/2q2ppp/p1pb1p2/1p1P4/8/1Q1B3P/PPP2PP1/R1B2RK1,game12_frame_021928.png,game12_frame_021928.png
rn2r1k1/2q2ppp/p1pb1p2/1p1P4/P7/1Q1B3P/1PP2PP1/R1B2RK1,game12_frame_022312.png,game12_frame_022312.png
r3r1k1/2qn1ppp/p1pb1p2/1p1P4/P7/1Q1B3P/1PP2PP1/R1B2RK1,game12_frame_022748.png,game12_frame_022748.png
r3r1k1/2qn1ppp/p1Pb1p2/1p6/P7/1Q1B3P/1PP2PP1/R1B2RK1,game12_frame_023228.png,game12_frame_023228.png
r3r1k1/2q2ppp/p1Pb1p2/1pn5/P7/1Q1B3P/1PP2PP1/R1B2RK1,game12_frame_024492.png,game12_frame_024492.png
r3r1k1/2q2ppp/p1Pb1p2/1pnQ4/P7/3B3P/1PP2PP1/R1B2RK1,game12_frame_025208.png,game12_frame_025208.png
r3r1k1/2q2ppp/p1Pb1p2/1p1Q4/P7/3n3P/1PP2PP1/R1B2RK1,game12_frame_025796.png,game12_frame_025796.png
r3r1k1/2q2ppp/p1Pb1p2/1p1Q4/P7/3P3P/1P3PP1/R1B2RK1,game12_frame_025992.png,game12_frame_025992.png
3rr1k1/2q2ppp/p1Pb1p2/1p1Q4/P7/3P3P/1P3PP1/R1B2RK1,game12_frame_026228.png,game12_frame_026228.png
3rr1k1/2q2ppp/p1Pb1p2/1p5Q/P7/3P3P/1P3PP1/R1B2RK1,game12_frame_026664.png,game12_frame_026664.png
3rr1k1/2q2p1p/p1Pb1pp1/1p5Q/P7/3P3P/1P3PP1/R1B2RK1,game12_frame_028000.png,game12_frame_028000.png
3rr1k1/2q2p1p/p1Pb1pp1/1p6/P7/3P1Q1P/1P3PP1/R1B2RK1,game12_frame_028164.png,game12_frame_028164.png
2r1r1k1/2q2p1p/p1Pb1pp1/1p6/P7/3P1Q1P/1P3PP1/R1B2RK1,game12_frame_028664.png,game12_frame_028664.png
2r1r1k1/2q2p1p/p1Pb1pp1/1P6/8/3P1Q1P/1P3PP1/R1B2RK1,game12_frame_028812.png,game12_frame_028812.png
2r1r1k1/2q2p1p/2Pb1pp1/1p6/8/3P1Q1P/1P3PP1/R1B2RK1,game12_frame_028944.png,game12_frame_028944.png
2r1r1k1/2q2p1p/2Pb1Qp1/1p6/8/3P3P/1P3PP1/R1B2RK1,game12_frame_029348.png,game12_frame_029348.png
2r1r1k1/5p1p/2qb1Qp1/1p6/8/3P3P/1P3PP1/R1B2RK1,game12_frame_029660.png,game12_frame_029660.png
2r1r1k1/5p1p/2qb2p1/1p6/3Q4/3P3P/1P3PP1/R1B2RK1,game12_frame_029896.png,game12_frame_029896.png
3rr1k1/5p1p/2qb2p1/1p6/3Q4/3P3P/1P3PP1/R1B2RK1,game12_frame_030372.png,game12_frame_030372.png
3rr1k1/5p1p/2qb2p1/1p6/7Q/3P3P/1P3PP1/R1B2RK1,game12_frame_030996.png,game12_frame_030996.png
3rr1k1/5p1p/3b2p1/1p1q4/7Q/3P3P/1P3PP1/R1B2RK1,game12_frame_031568.png,game12_frame_031568.png
3rr1k1/5p1p/3b2p1/1p1q2B1/7Q/3P3P/1P3PP1/R4RK1,game12_frame_031892.png,game12_frame_031892.png
3rr1k1/5p1p/3b2p1/1p2q1B1/7Q/3P3P/1P3PP1/R4RK1,game12_frame_032288.png,game12_frame_032288.png
3rr1k1/5p1p/3b2p1/1p2q1B1/5P1Q/3P3P/1P4P1/R4RK1,game12_frame_032500.png,game12_frame_032500.png
3rr1k1/5p1p/3b2p1/1p4B1/3q1P1Q/3P3P/1P4P1/R4RK1,game12_frame_032748.png,game12_frame_032748.png
3rr1k1/5p1p/3b2p1/1p4B1/3q1P1Q/3P3P/1P4P1/R4R1K,game12_frame_032872.png,game12_frame_032872.png
2r1r1k1/5p1p/3b2p1/1p4B1/3q1P1Q/3P3P/1P4P1/R4R1K,game12_frame_033124.png,game12_frame_033124.png
2r1r1k1/5p1p/3b1Bp1/1p6/3q1P1Q/3P3P/1P4P1/R4R1K,game12_frame_033180.png,game12_frame_033180.png
2r1rbk1/5p1p/5Bp1/1p6/3q1P1Q/3P3P/1P4P1/R4R1K,game12_frame_034368.png,game12_frame_034368.png
2r1rbk1/5p1p/6p1/1p6/3B1P1Q/3P3P/1P4P1/R4R1K,game12_frame_034472.png,game12_frame_034472.png